unsigned char __firmware_build_guest0_main_bin[] = {
  0x93, 0x00, 0x00, 0x00, 0x13, 0x01, 0x00, 0x00, 0x93, 0x01, 0x00, 0x00,
  0x13, 0x02, 0x00, 0x00, 0x93, 0x02, 0x00, 0x00, 0x13, 0x03, 0x00, 0x00,
  0x93, 0x03, 0x00, 0x00, 0x13, 0x04, 0x00, 0x00, 0x93, 0x04, 0x00, 0x00,
  0x13, 0x05, 0x00, 0x00, 0x93, 0x05, 0x00, 0x00, 0x13, 0x06, 0x00, 0x00,
  0x93, 0x06, 0x00, 0x00, 0x13, 0x07, 0x00, 0x00, 0x93, 0x07, 0x00, 0x00,
  0x13, 0x08, 0x00, 0x00, 0x93, 0x08, 0x00, 0x00, 0x13, 0x09, 0x00, 0x00,
  0x93, 0x09, 0x00, 0x00, 0x13, 0x0a, 0x00, 0x00, 0x93, 0x0a, 0x00, 0x00,
  0x13, 0x0b, 0x00, 0x00, 0x93, 0x0b, 0x00, 0x00, 0x13, 0x0c, 0x00, 0x00,
  0x93, 0x0c, 0x00, 0x00, 0x13, 0x0d, 0x00, 0x00, 0x93, 0x0d, 0x00, 0x00,
  0x13, 0x0e, 0x00, 0x00, 0x93, 0x0e, 0x00, 0x00, 0x13, 0x0f, 0x00, 0x00,
  0x93, 0x0f, 0x00, 0x00, 0x97, 0x71, 0x00, 0x00, 0x93, 0x81, 0x41, 0x4a,
  0x13, 0x85, 0x01, 0x30, 0x97, 0x85, 0x00, 0x00, 0x93, 0x85, 0x05, 0xaa,
  0x63, 0x06, 0xb5, 0x00, 0x13, 0x05, 0x15, 0x00, 0x6f, 0xf0, 0x9f, 0xff,
  0x17, 0x01, 0x01, 0x00, 0x13, 0x01, 0x41, 0xf6, 0x13, 0x05, 0x00, 0x00,
  0x93, 0x05, 0x00, 0x00, 0xef, 0x00, 0x40, 0x01, 0x13, 0x05, 0x00, 0x00,
  0x93, 0x05, 0x00, 0x00, 0xef, 0x20, 0xc0, 0x21, 0x6f, 0x00, 0x00, 0x00,
  0x41, 0x11, 0x06, 0xe4, 0x22, 0xe0, 0x00, 0x08, 0x01, 0x00, 0xa2, 0x60,
  0x02, 0x64, 0x41, 0x01, 0x82, 0x80, 0x01, 0x11, 0x06, 0xec, 0x22, 0xe8,
  0x00, 0x10, 0xaa, 0x87, 0xa3, 0x07, 0xf4, 0xfe, 0x83, 0x47, 0xf4, 0xfe,
  0xbe, 0x85, 0x37, 0x05, 0x00, 0x10, 0xef, 0x20, 0x00, 0x18, 0x01, 0x00,
  0xe2, 0x60, 0x42, 0x64, 0x05, 0x61, 0x82, 0x80, 0x79, 0x71, 0x06, 0xf4,
  0x22, 0xf0, 0x00, 0x18, 0xaa, 0x87, 0x23, 0x30, 0xb4, 0xfe, 0x23, 0x3c,
  0xc4, 0xfc, 0x23, 0x38, 0xd4, 0xfc, 0xa3, 0x07, 0xf4, 0xfe, 0x03, 0x37,
  0x84, 0xfd, 0x83, 0x37, 0x04, 0xfd, 0x63, 0x7b, 0xf7, 0x00, 0x03, 0x37,
  0x04, 0xfe, 0x83, 0x37, 0x84, 0xfd, 0xba, 0x97, 0x03, 0x47, 0xf4, 0xfe,
  0x23, 0x80, 0xe7, 0x00, 0x01, 0x00, 0xa2, 0x70, 0x02, 0x74, 0x45, 0x61,
  0x82, 0x80, 0x79, 0x71, 0x06, 0xf4, 0x22, 0xf0, 0x00, 0x18, 0xaa, 0x87,
  0x23, 0x30, 0xb4, 0xfe, 0x23, 0x3c, 0xc4, 0xfc, 0x23, 0x38, 0xd4, 0xfc,
  0xa3, 0x07, 0xf4, 0xfe, 0x01, 0x00, 0xa2, 0x70, 0x02, 0x74, 0x45, 0x61,
  0x82, 0x80, 0x79, 0x71, 0x06, 0xf4, 0x22, 0xf0, 0x00, 0x18, 0xaa, 0x87,
  0x23, 0x30, 0xb4, 0xfe, 0x23, 0x3c, 0xc4, 0xfc, 0x23, 0x38, 0xd4, 0xfc,
  0xa3, 0x07, 0xf4, 0xfe, 0x83, 0x47, 0xf4, 0xfe, 0x93, 0xf7, 0xf7, 0x0f,
  0x91, 0xc7, 0x83, 0x47, 0xf4, 0xfe, 0x3e, 0x85, 0xef, 0xf0, 0xbf, 0xf4,
  0x01, 0x00, 0xa2, 0x70, 0x02, 0x74, 0x45, 0x61, 0x82, 0x80, 0x79, 0x71,
  0x06, 0xf4, 0x22, 0xf0, 0x00, 0x18, 0xaa, 0x87, 0x23, 0x30, 0xb4, 0xfe,
  0x23, 0x3c, 0xc4, 0xfc, 0x23, 0x38, 0xd4, 0xfc, 0xa3, 0x07, 0xf4, 0xfe,
  0x83, 0x47, 0xf4, 0xfe, 0x93, 0xf7, 0xf7, 0x0f, 0x81, 0xcf, 0x83, 0x37,
  0x04, 0xfe, 0x9c, 0x63, 0x03, 0x37, 0x04, 0xfe, 0x14, 0x67, 0x03, 0x47,
  0xf4, 0xfe, 0xb6, 0x85, 0x3a, 0x85, 0x82, 0x97, 0x01, 0x00, 0xa2, 0x70,
  0x02, 0x74, 0x45, 0x61, 0x82, 0x80, 0x79, 0x71, 0x06, 0xf4, 0x22, 0xf0,
  0x00, 0x18, 0x23, 0x3c, 0xa4, 0xfc, 0x23, 0x38, 0xb4, 0xfc, 0x83, 0x37,
  0x84, 0xfd, 0x23, 0x34, 0xf4, 0xfe, 0x31, 0xa0, 0x83, 0x37, 0x84, 0xfe,
  0x85, 0x07, 0x23, 0x34, 0xf4, 0xfe, 0x83, 0x37, 0x84, 0xfe, 0x83, 0xc7,
  0x07, 0x00, 0x81, 0xcb, 0x83, 0x37, 0x04, 0xfd, 0x13, 0x87, 0xf7, 0xff,
  0x23, 0x38, 0xe4, 0xfc, 0xe5, 0xf3, 0x03, 0x37, 0x84, 0xfe, 0x83, 0x37,
  0x84, 0xfd, 0xb3, 0x07, 0xf7, 0x40, 0x81, 0x27, 0x3e, 0x85, 0xa2, 0x70,
  0x02, 0x74, 0x45, 0x61, 0x82, 0x80, 0x01, 0x11, 0x06, 0xec, 0x22, 0xe8,
  0x00, 0x10, 0xaa, 0x87, 0xa3, 0x07, 0xf4, 0xfe, 0x83, 0x47, 0xf4, 0xfe,
  0x13, 0xf7, 0xf7, 0x0f, 0x93, 0x07, 0xf0, 0x02, 0x63, 0xfc, 0xe7, 0x00,
  0x83, 0x47, 0xf4, 0xfe, 0x13, 0xf7, 0xf7, 0x0f, 0x93, 0x07, 0x90, 0x03,
  0x63, 0xe4, 0xe7, 0x00, 0x85, 0x47, 0x11, 0xa0, 0x81, 0x47, 0x85, 0x8b,
  0x93, 0xf7, 0xf7, 0x0f, 0x3e, 0x85, 0xe2, 0x60, 0x42, 0x64, 0x05, 0x61,
  0x82, 0x80, 0x79, 0x71, 0x06, 0xf4, 0x22, 0xf0, 0x00, 0x18, 0x23, 0x3c,
  0xa4, 0xfc, 0x23, 0x26, 0x04, 0xfe, 0x2d, 0xa8, 0x83, 0x27, 0xc4, 0xfe,
  0x3e, 0x87, 0xba, 0x87, 0x9b, 0x97, 0x27, 0x00, 0xb9, 0x9f, 0x9b, 0x97,
  0x17, 0x00, 0x1b, 0x87, 0x07, 0x00, 0x83, 0x37, 0x84, 0xfd, 0x9c, 0x63,
  0x13, 0x86, 0x17, 0x00, 0x83, 0x36, 0x84, 0xfd, 0x90, 0xe2, 0x83, 0xc7,
  0x07, 0x00, 0x81, 0x27, 0xb9, 0x9f, 0x81, 0x27, 0x9b, 0x87, 0x07, 0xfd,
  0x23, 0x26, 0xf4, 0xfe, 0x83, 0x37, 0x84, 0xfd, 0x9c, 0x63, 0x83, 0xc7,
  0x07, 0x00, 0x3e, 0x85, 0xef, 0xf0, 0x7f, 0xf6, 0xaa, 0x87, 0xdd, 0xfb,
  0x83, 0x27, 0xc4, 0xfe, 0x3e, 0x85, 0xa2, 0x70, 0x02, 0x74, 0x45, 0x61,
  0x82, 0x80, 0x1d, 0x71, 0x86, 0xec, 0xa2, 0xe8, 0x80, 0x10, 0x23, 0x3c,
  0xa4, 0xfc, 0x23, 0x38, 0xb4, 0xfc, 0x23, 0x34, 0xc4, 0xfc, 0x23, 0x30,
  0xd4, 0xfc, 0x23, 0x3c, 0xe4, 0xfa, 0x23, 0x38, 0xf4, 0xfa, 0xc2, 0x87,
  0x46, 0x87, 0x23, 0x26, 0xf4, 0xfa, 0xba, 0x87, 0x23, 0x24, 0xf4, 0xfa,
  0x83, 0x37, 0x84, 0xfc, 0x23, 0x30, 0xf4, 0xfe, 0x83, 0x27, 0x84, 0xfa,
  0x89, 0x8b, 0x81, 0x27, 0xc9, 0xe3, 0x83, 0x27, 0x84, 0xfa, 0x85, 0x8b,
  0x81, 0x27, 0xa5, 0xef, 0x83, 0x37, 0x04, 0xfb, 0x23, 0x34, 0xf4, 0xfe,
  0x35, 0xa0, 0x83, 0x37, 0x84, 0xfc, 0x13, 0x87, 0x17, 0x00, 0x23, 0x34,
  0xe4, 0xfc, 0x03, 0x37, 0x84, 0xfd, 0x83, 0x36, 0x04, 0xfc, 0x3e, 0x86,
  0x83, 0x35, 0x04, 0xfd, 0x13, 0x05, 0x00, 0x02, 0x02, 0x97, 0x83, 0x37,
  0x84, 0xfe, 0x85, 0x07, 0x23, 0x34, 0xf4, 0xfe, 0x83, 0x67, 0xc4, 0xfa,
  0x03, 0x37, 0x84, 0xfe, 0xe3, 0x67, 0xf7, 0xfc, 0x1d, 0xa8, 0x83, 0x37,
  0x04, 0xfb, 0xfd, 0x17, 0x23, 0x38, 0xf4, 0xfa, 0x03, 0x37, 0x84, 0xfb,
  0x83, 0x37, 0x04, 0xfb, 0xba, 0x97, 0x03, 0xc5, 0x07, 0x00, 0x83, 0x37,
  0x84, 0xfc, 0x13, 0x87, 0x17, 0x00, 0x23, 0x34, 0xe4, 0xfc, 0x03, 0x37,
  0x84, 0xfd, 0x83, 0x36, 0x04, 0xfc, 0x3e, 0x86, 0x83, 0x35, 0x04, 0xfd,
  0x02, 0x97, 0x83, 0x37, 0x04, 0xfb, 0xe1, 0xf7, 0x83, 0x27, 0x84, 0xfa,
  0x89, 0x8b, 0x81, 0x27, 0x9d, 0xcb, 0x0d, 0xa0, 0x83, 0x37, 0x84, 0xfc,
  0x13, 0x87, 0x17, 0x00, 0x23, 0x34, 0xe4, 0xfc, 0x03, 0x37, 0x84, 0xfd,
  0x83, 0x36, 0x04, 0xfc, 0x3e, 0x86, 0x83, 0x35, 0x04, 0xfd, 0x13, 0x05,
  0x00, 0x02, 0x02, 0x97, 0x03, 0x37, 0x84, 0xfc, 0x83, 0x37, 0x04, 0xfe,
  0x1d, 0x8f, 0x83, 0x67, 0xc4, 0xfa, 0xe3, 0x69, 0xf7, 0xfc, 0x83, 0x37,
  0x84, 0xfc, 0x3e, 0x85, 0xe6, 0x60, 0x46, 0x64, 0x25, 0x61, 0x82, 0x80,
  0x5d, 0x71, 0x86, 0xe4, 0xa2, 0xe0, 0x80, 0x08, 0x23, 0x34, 0xa4, 0xfe,
  0x23, 0x30, 0xb4, 0xfe, 0x23, 0x3c, 0xc4, 0xfc, 0x23, 0x38, 0xd4, 0xfc,
  0x23, 0x34, 0xe4, 0xfc, 0x23, 0x30, 0xf4, 0xfc, 0xc2, 0x87, 0x46, 0x87,
  0xa3, 0x0f, 0xf4, 0xfa, 0xba, 0x87, 0x23, 0x2c, 0xf4, 0xfa, 0x1c, 0x48,
  0x89, 0x8b, 0x81, 0x27, 0xd1, 0xeb, 0x1c, 0x44, 0x81, 0x27, 0x9d, 0xcf,
  0x1c, 0x48, 0x85, 0x8b, 0x81, 0x27, 0x9d, 0xcb, 0x83, 0x47, 0xf4, 0xfb,
  0x93, 0xf7, 0xf7, 0x0f, 0x89, 0xe7, 0x1c, 0x48, 0xb1, 0x8b, 0x81, 0x27,
  0x95, 0xc3, 0x1c, 0x44, 0xfd, 0x37, 0x1c, 0xc4, 0x31, 0xa8, 0x83, 0x37,
  0x04, 0xfc, 0x13, 0x87, 0x17, 0x00, 0x23, 0x30, 0xe4, 0xfc, 0x03, 0x37,
  0x84, 0xfc, 0xba, 0x97, 0x13, 0x07, 0x00, 0x03, 0x23, 0x80, 0xe7, 0x00,
  0x83, 0x67, 0x04, 0x00, 0x03, 0x37, 0x04, 0xfc, 0x63, 0x75, 0xf7, 0x02,
  0x03, 0x37, 0x04, 0xfc, 0xfd, 0x47, 0xe3, 0xfa, 0xe7, 0xfc, 0x31, 0xa8,
  0x83, 0x37, 0x04, 0xfc, 0x13, 0x87, 0x17, 0x00, 0x23, 0x30, 0xe4, 0xfc,
  0x03, 0x37, 0x84, 0xfc, 0xba, 0x97, 0x13, 0x07, 0x00, 0x03, 0x23, 0x80,
  0xe7, 0x00, 0x1c, 0x48, 0x85, 0x8b, 0x81, 0x27, 0x81, 0xcf, 0x83, 0x67,
  0x84, 0x00, 0x03, 0x37, 0x04, 0xfc, 0x63, 0x77, 0xf7, 0x00, 0x03, 0x37,
  0x04, 0xfc, 0xfd, 0x47, 0xe3, 0xf6, 0xe7, 0xfc, 0x1c, 0x48, 0xc1, 0x8b,
  0x81, 0x27, 0x63, 0x83, 0x07, 0x12, 0x1c, 0x48, 0x93, 0xf7, 0x07, 0x40,
  0x81, 0x27, 0xa1, 0xe7, 0x83, 0x37, 0x04, 0xfc, 0xa9, 0xc3, 0x83, 0x67,
  0x04, 0x00, 0x03, 0x37, 0x04, 0xfc, 0x63, 0x08, 0xf7, 0x00, 0x83, 0x67,
  0x84, 0x00, 0x03, 0x37, 0x04, 0xfc, 0x63, 0x16, 0xf7, 0x02, 0x83, 0x37,
  0x04, 0xfc, 0xfd, 0x17, 0x23, 0x30, 0xf4, 0xfc, 0x83, 0x37, 0x04, 0xfc,
  0x89, 0xcf, 0x83, 0x27, 0x84, 0xfb, 0x1b, 0x87, 0x07, 0x00, 0xc1, 0x47,
  0x63, 0x17, 0xf7, 0x00, 0x83, 0x37, 0x04, 0xfc, 0xfd, 0x17, 0x23, 0x30,
  0xf4, 0xfc, 0x83, 0x27, 0x84, 0xfb, 0x1b, 0x87, 0x07, 0x00, 0xc1, 0x47,
  0x63, 0x1a, 0xf7, 0x02, 0x1c, 0x48, 0x93, 0xf7, 0x07, 0x02, 0x81, 0x27,
  0x85, 0xe7, 0x03, 0x37, 0x04, 0xfc, 0xfd, 0x47, 0x63, 0xe0, 0xe7, 0x02,
  0x83, 0x37, 0x04, 0xfc, 0x13, 0x87, 0x17, 0x00, 0x23, 0x30, 0xe4, 0xfc,
  0x03, 0x37, 0x84, 0xfc, 0xba, 0x97, 0x13, 0x07, 0x80, 0x07, 0x23, 0x80,
  0xe7, 0x00, 0x8d, 0xa8, 0x83, 0x27, 0x84, 0xfb, 0x1b, 0x87, 0x07, 0x00,
  0xc1, 0x47, 0x63, 0x1a, 0xf7, 0x02, 0x1c, 0x48, 0x93, 0xf7, 0x07, 0x02,
  0x81, 0x27, 0x85, 0xc7, 0x03, 0x37, 0x04, 0xfc, 0xfd, 0x47, 0x63, 0xe0,
  0xe7, 0x02, 0x83, 0x37, 0x04, 0xfc, 0x13, 0x87, 0x17, 0x00, 0x23, 0x30,
  0xe4, 0xfc, 0x03, 0x37, 0x84, 0xfc, 0xba, 0x97, 0x13, 0x07, 0x80, 0x05,
  0x23, 0x80, 0xe7, 0x00, 0x15, 0xa8, 0x83, 0x27, 0x84, 0xfb, 0x1b, 0x87,
  0x07, 0x00, 0x89, 0x47, 0x63, 0x14, 0xf7, 0x02, 0x03, 0x37, 0x04, 0xfc,
  0xfd, 0x47, 0x63, 0xef, 0xe7, 0x00, 0x83, 0x37, 0x04, 0xfc, 0x13, 0x87,
  0x17, 0x00, 0x23, 0x30, 0xe4, 0xfc, 0x03, 0x37, 0x84, 0xfc, 0xba, 0x97,
  0x13, 0x07, 0x20, 0x06, 0x23, 0x80, 0xe7, 0x00, 0x03, 0x37, 0x04, 0xfc,
  0xfd, 0x47, 0x63, 0xef, 0xe7, 0x00, 0x83, 0x37, 0x04, 0xfc, 0x13, 0x87,
  0x17, 0x00, 0x23, 0x30, 0xe4, 0xfc, 0x03, 0x37, 0x84, 0xfc, 0xba, 0x97,
  0x13, 0x07, 0x00, 0x03, 0x23, 0x80, 0xe7, 0x00, 0x03, 0x37, 0x04, 0xfc,
  0xfd, 0x47, 0x63, 0xe8, 0xe7, 0x06, 0x83, 0x47, 0xf4, 0xfb, 0x93, 0xf7,
  0xf7, 0x0f, 0x99, 0xcf, 0x83, 0x37, 0x04, 0xfc, 0x13, 0x87, 0x17, 0x00,
  0x23, 0x30, 0xe4, 0xfc, 0x03, 0x37, 0x84, 0xfc, 0xba, 0x97, 0x13, 0x07,
  0xd0, 0x02, 0x23, 0x80, 0xe7, 0x00, 0xa1, 0xa0, 0x1c, 0x48, 0x91, 0x8b,
  0x81, 0x27, 0x99, 0xcf, 0x83, 0x37, 0x04, 0xfc, 0x13, 0x87, 0x17, 0x00,
  0x23, 0x30, 0xe4, 0xfc, 0x03, 0x37, 0x84, 0xfc, 0xba, 0x97, 0x13, 0x07,
  0xb0, 0x02, 0x23, 0x80, 0xe7, 0x00, 0x15, 0xa0, 0x1c, 0x48, 0xa1, 0x8b,
  0x81, 0x27, 0x91, 0xcf, 0x83, 0x37, 0x04, 0xfc, 0x13, 0x87, 0x17, 0x00,
  0x23, 0x30, 0xe4, 0xfc, 0x03, 0x37, 0x84, 0xfc, 0xba, 0x97, 0x13, 0x07,
  0x00, 0x02, 0x23, 0x80, 0xe7, 0x00, 0x18, 0x48, 0x1c, 0x44, 0xba, 0x88,
  0x3e, 0x88, 0x83, 0x37, 0x04, 0xfc, 0x03, 0x37, 0x84, 0xfc, 0x83, 0x36,
  0x04, 0xfd, 0x03, 0x36, 0x84, 0xfd, 0x83, 0x35, 0x04, 0xfe, 0x03, 0x35,
  0x84, 0xfe, 0xef, 0xf0, 0x5f, 0xc6, 0xaa, 0x87, 0x3e, 0x85, 0xa6, 0x60,
  0x06, 0x64, 0x61, 0x61, 0x82, 0x80, 0x35, 0x71, 0x06, 0xed, 0x22, 0xe9,
  0x00, 0x11, 0x23, 0x3c, 0xa4, 0xfa, 0x23, 0x38, 0xb4, 0xfa, 0x23, 0x34,
  0xc4, 0xfa, 0x23, 0x30, 0xd4, 0xfa, 0x23, 0x3c, 0xe4, 0xf8, 0x23, 0x34,
  0x04, 0xf9, 0x46, 0x87, 0xa3, 0x0b, 0xf4, 0xf8, 0xba, 0x87, 0x23, 0x28,
  0xf4, 0xf8, 0x23, 0x34, 0x04, 0xfe, 0x83, 0x37, 0x84, 0xf9, 0x81, 0xe7,
  0x1c, 0x44, 0xbd, 0x9b, 0x1c, 0xc4, 0x1c, 0x44, 0x93, 0xf7, 0x07, 0x40,
  0x81, 0x27, 0x81, 0xc7, 0x83, 0x37, 0x84, 0xf9, 0xd9, 0xc3, 0x03, 0x37,
  0x84, 0xf9, 0x83, 0x37, 0x84, 0xf8, 0xb3, 0x77, 0xf7, 0x02, 0xa3, 0x03,
  0xf4, 0xfe, 0x83, 0x47, 0x74, 0xfe, 0x13, 0xf7, 0xf7, 0x0f, 0xa5, 0x47,
  0x63, 0xe9, 0xe7, 0x00, 0x83, 0x47, 0x74, 0xfe, 0x9b, 0x87, 0x07, 0x03,
  0x93, 0xf7, 0xf7, 0x0f, 0x1d, 0xa0, 0x1c, 0x44, 0x93, 0xf7, 0x07, 0x02,
  0x81, 0x27, 0x81, 0xc7, 0x93, 0x07, 0x10, 0x04, 0x19, 0xa0, 0x93, 0x07,
  0x10, 0x06, 0x03, 0x47, 0x74, 0xfe, 0xb9, 0x9f, 0x93, 0xf7, 0xf7, 0x0f,
  0xd9, 0x37, 0x93, 0xf7, 0xf7, 0x0f, 0x03, 0x37, 0x84, 0xfe, 0x93, 0x06,
  0x17, 0x00, 0x23, 0x34, 0xd4, 0xfe, 0x41, 0x17, 0x22, 0x97, 0x23, 0x08,
  0xf7, 0xfc, 0x03, 0x37, 0x84, 0xf9, 0x83, 0x37, 0x84, 0xf8, 0xb3, 0x57,
  0xf7, 0x02, 0x23, 0x3c, 0xf4, 0xf8, 0x83, 0x37, 0x84, 0xf9, 0x91, 0xc7,
  0x03, 0x37, 0x84, 0xfe, 0xfd, 0x47, 0xe3, 0xf0, 0xe7, 0xf8, 0x83, 0x37,
  0x84, 0xf8, 0x1b, 0x86, 0x07, 0x00, 0x83, 0x46, 0x74, 0xf9, 0x13, 0x07,
  0x04, 0xfc, 0x1c, 0x44, 0x3e, 0xe8, 0x1c, 0x40, 0x3e, 0xe4, 0x83, 0x27,
  0x04, 0xf9, 0x3e, 0xe0, 0xb2, 0x88, 0x36, 0x88, 0x83, 0x37, 0x84, 0xfe,
  0x83, 0x36, 0x04, 0xfa, 0x03, 0x36, 0x84, 0xfa, 0x83, 0x35, 0x04, 0xfb,
  0x03, 0x35, 0x84, 0xfb, 0xef, 0xf0, 0x1f, 0xc6, 0xaa, 0x87, 0x3e, 0x85,
  0xea, 0x60, 0x4a, 0x64, 0x0d, 0x61, 0x82, 0x80, 0x35, 0x71, 0x06, 0xed,
  0x22, 0xe9, 0x00, 0x11, 0x23, 0x3c, 0xa4, 0xfa, 0x23, 0x38, 0xb4, 0xfa,
  0x23, 0x34, 0xc4, 0xfa, 0x23, 0x30, 0xd4, 0xfa, 0x23, 0x3c, 0xe4, 0xf8,
  0x23, 0x34, 0x04, 0xf9, 0x46, 0x87, 0xa3, 0x0b, 0xf4, 0xf8, 0xba, 0x87,
  0x23, 0x28, 0xf4, 0xf8, 0x23, 0x34, 0x04, 0xfe, 0x83, 0x37, 0x84, 0xf9,
  0x81, 0xe7, 0x1c, 0x44, 0xbd, 0x9b, 0x1c, 0xc4, 0x1c, 0x44, 0x93, 0xf7,
  0x07, 0x40, 0x81, 0x27, 0x81, 0xc7, 0x83, 0x37, 0x84, 0xf9, 0xd9, 0xc3,
  0x03, 0x37, 0x84, 0xf9, 0x83, 0x37, 0x84, 0xf8, 0xb3, 0x77, 0xf7, 0x02,
  0xa3, 0x03, 0xf4, 0xfe, 0x83, 0x47, 0x74, 0xfe, 0x13, 0xf7, 0xf7, 0x0f,
  0xa5, 0x47, 0x63, 0xe9, 0xe7, 0x00, 0x83, 0x47, 0x74, 0xfe, 0x9b, 0x87,
  0x07, 0x03, 0x93, 0xf7, 0xf7, 0x0f, 0x1d, 0xa0, 0x1c, 0x44, 0x93, 0xf7,
  0x07, 0x02, 0x81, 0x27, 0x81, 0xc7, 0x93, 0x07, 0x10, 0x04, 0x19, 0xa0,
  0x93, 0x07, 0x10, 0x06, 0x03, 0x47, 0x74, 0xfe, 0xb9, 0x9f, 0x93, 0xf7,
  0xf7, 0x0f, 0xd9, 0x37, 0x93, 0xf7, 0xf7, 0x0f, 0x03, 0x37, 0x84, 0xfe,
  0x93, 0x06, 0x17, 0x00, 0x23, 0x34, 0xd4, 0xfe, 0x41, 0x17, 0x22, 0x97,
  0x23, 0x08, 0xf7, 0xfc, 0x03, 0x37, 0x84, 0xf9, 0x83, 0x37, 0x84, 0xf8,
  0xb3, 0x57, 0xf7, 0x02, 0x23, 0x3c, 0xf4, 0xf8, 0x83, 0x37, 0x84, 0xf9,
  0x91, 0xc7, 0x03, 0x37, 0x84, 0xfe, 0xfd, 0x47, 0xe3, 0xf0, 0xe7, 0xf8,
  0x83, 0x37, 0x84, 0xf8, 0x1b, 0x86, 0x07, 0x00, 0x83, 0x46, 0x74, 0xf9,
  0x13, 0x07, 0x04, 0xfc, 0x1c, 0x44, 0x3e, 0xe8, 0x1c, 0x40, 0x3e, 0xe4,
  0x83, 0x27, 0x04, 0xf9, 0x3e, 0xe0, 0xb2, 0x88, 0x36, 0x88, 0x83, 0x37,
  0x84, 0xfe, 0x83, 0x36, 0x04, 0xfa, 0x03, 0x36, 0x84, 0xfa, 0x83, 0x35,
  0x04, 0xfb, 0x03, 0x35, 0x84, 0xfb, 0xef, 0xf0, 0xbf, 0xb4, 0xaa, 0x87,
  0x3e, 0x85, 0xea, 0x60, 0x4a, 0x64, 0x0d, 0x61, 0x82, 0x80, 0x35, 0x71,
  0x06, 0xed, 0x22, 0xe9, 0x00, 0x11, 0x23, 0x3c, 0xa4, 0xf8, 0x23, 0x38,
  0xb4, 0xf8, 0x23, 0x34, 0xc4, 0xf8, 0x23, 0x30, 0xd4, 0xf8, 0x27, 0x3c,
  0xa4, 0xf6, 0x3a, 0x86, 0xbe, 0x86, 0x42, 0x87, 0xb2, 0x87, 0x23, 0x2a,
  0xf4, 0xf6, 0xb6, 0x87, 0x23, 0x28, 0xf4, 0xf6, 0xba, 0x87, 0x23, 0x26,
  0xf4, 0xf6, 0x23, 0x34, 0x04, 0xfe, 0x23, 0x34, 0x04, 0xfc, 0x07, 0x37,
  0x84, 0xf7, 0x87, 0x37, 0x84, 0xf7, 0xd3, 0x27, 0xf7, 0xa2, 0x85, 0xeb,
  0x03, 0x27, 0xc4, 0xf6, 0x83, 0x27, 0x04, 0xf7, 0xba, 0x88, 0x3e, 0x88,
  0x8d, 0x47, 0x17, 0x57, 0x00, 0x00, 0x13, 0x07, 0x27, 0xfd, 0x83, 0x36,
  0x04, 0xf8, 0x03, 0x36, 0x84, 0xf8, 0x83, 0x35, 0x04, 0xf9, 0x03, 0x35,
  0x84, 0xf9, 0xef, 0xf0, 0x9f, 0x9b, 0xaa, 0x87, 0x05, 0xab, 0x07, 0x37,
  0x84, 0xf7, 0x97, 0x57, 0x00, 0x00, 0x93, 0x87, 0xe7, 0x01, 0x9c, 0x23,
  0xd3, 0x17, 0xf7, 0xa2, 0x91, 0xe3, 0x05, 0xa8, 0x03, 0x27, 0xc4, 0xf6,
  0x83, 0x27, 0x04, 0xf7, 0xba, 0x88, 0x3e, 0x88, 0x91, 0x47, 0x17, 0x57,
  0x00, 0x00, 0x13, 0x07, 0x67, 0xf9, 0x83, 0x36, 0x04, 0xf8, 0x03, 0x36,
  0x84, 0xf8, 0x83, 0x35, 0x04, 0xf9, 0x03, 0x35, 0x84, 0xf9, 0xef, 0xf0,
  0x5f, 0x97, 0xaa, 0x87, 0xf5, 0xa1, 0x07, 0x37, 0x84, 0xf7, 0x97, 0x57,
  0x00, 0x00, 0x93, 0x87, 0x27, 0xfe, 0x9c, 0x23, 0xd3, 0x97, 0xe7, 0xa2,
  0x91, 0xe3, 0x89, 0xa8, 0x83, 0x27, 0xc4, 0xf6, 0x91, 0x8b, 0x81, 0x27,
  0x91, 0xc7, 0x17, 0x57, 0x00, 0x00, 0x13, 0x07, 0xe7, 0xf5, 0x29, 0xa0,
  0x17, 0x57, 0x00, 0x00, 0x13, 0x07, 0xc7, 0xf5, 0x83, 0x27, 0xc4, 0xf6,
  0x91, 0x8b, 0x81, 0x27, 0x99, 0xc3, 0x91, 0x47, 0x11, 0xa0, 0x8d, 0x47,
  0x03, 0x26, 0xc4, 0xf6, 0x83, 0x26, 0x04, 0xf7, 0xb2, 0x88, 0x36, 0x88,
  0x83, 0x36, 0x04, 0xf8, 0x03, 0x36, 0x84, 0xf8, 0x83, 0x35, 0x04, 0xf9,
  0x03, 0x35, 0x84, 0xf9, 0xef, 0xf0, 0xff, 0x90, 0xaa, 0x87, 0x59, 0xa1,
  0x07, 0x37, 0x84, 0xf7, 0x97, 0x57, 0x00, 0x00, 0x93, 0x87, 0x47, 0xf8,
  0x9c, 0x23, 0xd3, 0x97, 0xe7, 0xa2, 0x81, 0xef, 0x07, 0x37, 0x84, 0xf7,
  0x97, 0x57, 0x00, 0x00, 0x93, 0x87, 0x87, 0xf7, 0x9c, 0x23, 0xd3, 0x17,
  0xf7, 0xa2, 0x91, 0xe3, 0x35, 0xa0, 0x83, 0x26, 0xc4, 0xf6, 0x83, 0x27,
  0x04, 0xf7, 0x03, 0x27, 0x44, 0xf7, 0x36, 0x88, 0x07, 0x35, 0x84, 0xf7,
  0x83, 0x36, 0x04, 0xf8, 0x03, 0x36, 0x84, 0xf8, 0x83, 0x35, 0x04, 0xf9,
  0x03, 0x35, 0x84, 0xf9, 0xef, 0x00, 0x20, 0x44, 0xaa, 0x87, 0x0d, 0xa9,
  0xa3, 0x03, 0x04, 0xfe, 0x87, 0x37, 0x84, 0xf7, 0x53, 0x07, 0x00, 0xf2,
  0xd3, 0x97, 0xe7, 0xa2, 0x91, 0xe3, 0x21, 0xa8, 0x85, 0x47, 0xa3, 0x03,
  0xf4, 0xfe, 0x53, 0x07, 0x00, 0xf2, 0x87, 0x37, 0x84, 0xf7, 0xd3, 0x77,
  0xf7, 0x0a, 0x27, 0x3c, 0xf4, 0xf6, 0x83, 0x27, 0xc4, 0xf6, 0x93, 0xf7,
  0x07, 0x40, 0x81, 0x27, 0x95, 0xe7, 0x99, 0x47, 0x23, 0x2a, 0xf4, 0xf6,
  0x15, 0xa0, 0x83, 0x37, 0x84, 0xfe, 0x13, 0x87, 0x17, 0x00, 0x23, 0x34,
  0xe4, 0xfe, 0xc1, 0x17, 0xa2, 0x97, 0x13, 0x07, 0x00, 0x03, 0x23, 0x88,
  0xe7, 0xfa, 0x83, 0x27, 0x44, 0xf7, 0xfd, 0x37, 0x23, 0x2a, 0xf4, 0xf6,
  0x03, 0x37, 0x84, 0xfe, 0xfd, 0x47, 0x63, 0xe9, 0xe7, 0x00, 0x83, 0x27,
  0x44, 0xf7, 0x1b, 0x87, 0x07, 0x00, 0xa5, 0x47, 0xe3, 0xe5, 0xe7, 0xfc,
  0x87, 0x37, 0x84, 0xf7, 0xd3, 0x97, 0x07, 0xc2, 0x23, 0x20, 0xf4, 0xfe,
  0x83, 0x27, 0x04, 0xfe, 0xd3, 0x87, 0x07, 0xd2, 0x07, 0x37, 0x84, 0xf7,
  0x53, 0x77, 0xf7, 0x0a, 0x17, 0x57, 0x00, 0x00, 0x13, 0x07, 0x07, 0xe4,
  0x83, 0x67, 0x44, 0xf7, 0x8e, 0x07, 0xba, 0x97, 0x9c, 0x23, 0xd3, 0x77,
  0xf7, 0x12, 0x27, 0x30, 0xf4, 0xfc, 0x87, 0x37, 0x04, 0xfc, 0xd3, 0x97,
  0x37, 0xc2, 0x23, 0x3c, 0xf4, 0xfc, 0x83, 0x37, 0x84, 0xfd, 0xd3, 0xf7,
  0x37, 0xd2, 0x07, 0x37, 0x04, 0xfc, 0xd3, 0x77, 0xf7, 0x0a, 0x27, 0x34,
  0xf4, 0xfc, 0x07, 0x37, 0x84, 0xfc, 0x97, 0x57, 0x00, 0x00, 0x93, 0x87,
  0x27, 0xe7, 0x9c, 0x23, 0xd3, 0x97, 0xe7, 0xa2, 0x91, 0xe3, 0x3d, 0xa8,
  0x83, 0x37, 0x84, 0xfd, 0x85, 0x07, 0x23, 0x3c, 0xf4, 0xfc, 0x83, 0x37,
  0x84, 0xfd, 0x53, 0xf7, 0x37, 0xd2, 0x17, 0x57, 0x00, 0x00, 0x13, 0x07,
  0xe7, 0xdd, 0x83, 0x67, 0x44, 0xf7, 0x8e, 0x07, 0xba, 0x97, 0x9c, 0x23,
  0xd3, 0x87, 0xe7, 0xa2, 0x91, 0xe3, 0x3d, 0xa8, 0x23, 0x3c, 0x04, 0xfc,
  0x83, 0x27, 0x04, 0xfe, 0x85, 0x27, 0x23, 0x20, 0xf4, 0xfe, 0x3d, 0xa0,
  0x07, 0x37, 0x84, 0xfc, 0x97, 0x57, 0x00, 0x00, 0x93, 0x87, 0x07, 0xe2,
  0x9c, 0x23, 0xd3, 0x17, 0xf7, 0xa2, 0x89, 0xef, 0x83, 0x37, 0x84, 0xfd,
  0x89, 0xc7, 0x83, 0x37, 0x84, 0xfd, 0x85, 0x8b, 0x91, 0xc7, 0x83, 0x37,
  0x84, 0xfd, 0x85, 0x07, 0x23, 0x3c, 0xf4, 0xfc, 0x83, 0x27, 0x44, 0xf7,
  0x81, 0x27, 0xb5, 0xe3, 0x83, 0x27, 0x04, 0xfe, 0xd3, 0x87, 0x07, 0xd2,
  0x07, 0x37, 0x84, 0xf7, 0xd3, 0x77, 0xf7, 0x0a, 0x27, 0x34, 0xf4, 0xfc,
  0x07, 0x37, 0x84, 0xfc, 0x97, 0x57, 0x00, 0x00, 0x93, 0x87, 0x87, 0xdd,
  0x9c, 0x23, 0xd3, 0x17, 0xf7, 0xa2, 0x93, 0xf7, 0xf7, 0x0f, 0x93, 0xc7,
  0x17, 0x00, 0x93, 0xf7, 0xf7, 0x0f, 0x81, 0xef, 0x07, 0x37, 0x84, 0xfc,
  0x97, 0x57, 0x00, 0x00, 0x93, 0x87, 0x87, 0xdb, 0x9c, 0x23, 0xd3, 0x97,
  0xe7, 0xa2, 0x91, 0xe3, 0xc5, 0xa8, 0x83, 0x27, 0x04, 0xfe, 0x85, 0x8b,
  0x81, 0x27, 0x63, 0x8a, 0x07, 0x16, 0x83, 0x27, 0x04, 0xfe, 0x85, 0x27,
  0x23, 0x20, 0xf4, 0xfe, 0x9d, 0xa2, 0x83, 0x27, 0x44, 0xf7, 0x23, 0x2a,
  0xf4, 0xfc, 0xb5, 0xa0, 0x83, 0x27, 0x44, 0xfd, 0xfd, 0x37, 0x23, 0x2a,
  0xf4, 0xfc, 0x83, 0x36, 0x84, 0xfd, 0x97, 0x57, 0x00, 0x00, 0x93, 0x87,
  0xe7, 0xd7, 0x9c, 0x63, 0xb3, 0xb7, 0xf6, 0x02, 0x13, 0xd7, 0x37, 0x00,
  0xba, 0x87, 0x8a, 0x07, 0xba, 0x97, 0x86, 0x07, 0x33, 0x87, 0xf6, 0x40,
  0x13, 0x77, 0xf7, 0x0f, 0x83, 0x37, 0x84, 0xfe, 0x93, 0x86, 0x17, 0x00,
  0x23, 0x34, 0xd4, 0xfe, 0x1b, 0x07, 0x07, 0x03, 0x13, 0x77, 0xf7, 0x0f,
  0xc1, 0x17, 0xa2, 0x97, 0x23, 0x88, 0xe7, 0xfa, 0x03, 0x37, 0x84, 0xfd,
  0x97, 0x57, 0x00, 0x00, 0x93, 0x87, 0xc7, 0xd3, 0x9c, 0x63, 0xb3, 0x37,
  0xf7, 0x02, 0x8d, 0x83, 0x23, 0x3c, 0xf4, 0xfc, 0x83, 0x37, 0x84, 0xfd,
  0x99, 0xc7, 0x03, 0x37, 0x84, 0xfe, 0xfd, 0x47, 0xe3, 0xf8, 0xe7, 0xf8,
  0x39, 0xa8, 0x01, 0x00, 0x29, 0xa8, 0x83, 0x37, 0x84, 0xfe, 0x13, 0x87,
  0x17, 0x00, 0x23, 0x34, 0xe4, 0xfe, 0xc1, 0x17, 0xa2, 0x97, 0x13, 0x07,
  0x00, 0x03, 0x23, 0x88, 0xe7, 0xfa, 0x03, 0x37, 0x84, 0xfe, 0xfd, 0x47,
  0x63, 0xe9, 0xe7, 0x00, 0x83, 0x27, 0x44, 0xfd, 0x1b, 0x87, 0xf7, 0xff,
  0x23, 0x2a, 0xe4, 0xfc, 0xe9, 0xfb, 0x03, 0x37, 0x84, 0xfe, 0xfd, 0x47,
  0x63, 0xe5, 0xe7, 0x0a, 0x83, 0x37, 0x84, 0xfe, 0x13, 0x87, 0x17, 0x00,
  0x23, 0x34, 0xe4, 0xfe, 0xc1, 0x17, 0xa2, 0x97, 0x13, 0x07, 0xe0, 0x02,
  0x23, 0x88, 0xe7, 0xfa, 0x79, 0xa0, 0x83, 0x27, 0x04, 0xfe, 0x3e, 0x87,
  0x9b, 0x06, 0x07, 0x00, 0xb7, 0x67, 0x66, 0x66, 0x93, 0x87, 0x77, 0x66,
  0xb3, 0x87, 0xf6, 0x02, 0x81, 0x93, 0x9b, 0xd7, 0x27, 0x40, 0xbe, 0x86,
  0x9b, 0x57, 0xf7, 0x41, 0xbb, 0x87, 0xf6, 0x40, 0xbe, 0x86, 0xb6, 0x87,
  0x9b, 0x97, 0x27, 0x00, 0xb5, 0x9f, 0x9b, 0x97, 0x17, 0x00, 0xbb, 0x07,
  0xf7, 0x40, 0x81, 0x27, 0x13, 0xf7, 0xf7, 0x0f, 0x83, 0x37, 0x84, 0xfe,
  0x93, 0x86, 0x17, 0x00, 0x23, 0x34, 0xd4, 0xfe, 0x1b, 0x07, 0x07, 0x03,
  0x13, 0x77, 0xf7, 0x0f, 0xc1, 0x17, 0xa2, 0x97, 0x23, 0x88, 0xe7, 0xfa,
  0x83, 0x27, 0x04, 0xfe, 0xbe, 0x86, 0x1b, 0x87, 0x06, 0x00, 0xb7, 0x67,
  0x66, 0x66, 0x93, 0x87, 0x77, 0x66, 0xb3, 0x07, 0xf7, 0x02, 0x81, 0x93,
  0x9b, 0xd7, 0x27, 0x40, 0x3e, 0x87, 0x9b, 0xd7, 0xf6, 0x41, 0xbb, 0x07,
  0xf7, 0x40, 0x23, 0x20, 0xf4, 0xfe, 0x83, 0x27, 0x04, 0xfe, 0x81, 0x27,
  0x99, 0xc7, 0x03, 0x37, 0x84, 0xfe, 0xfd, 0x47, 0xe3, 0xf7, 0xe7, 0xf6,
  0x11, 0xa0, 0x01, 0x00, 0x83, 0x27, 0xc4, 0xf6, 0x89, 0x8b, 0x81, 0x27,
  0xad, 0xe3, 0x83, 0x27, 0xc4, 0xf6, 0x85, 0x8b, 0x81, 0x27, 0xa1, 0xcf,
  0x83, 0x27, 0x04, 0xf7, 0x81, 0x27, 0x8d, 0xcf, 0x83, 0x47, 0x74, 0xfe,
  0x93, 0xf7, 0xf7, 0x0f, 0x91, 0xe7, 0x83, 0x27, 0xc4, 0xf6, 0xb1, 0x8b,
  0x81, 0x27, 0x9d, 0xc3, 0x83, 0x27, 0x04, 0xf7, 0xfd, 0x37, 0x23, 0x28,
  0xf4, 0xf6, 0x29, 0xa8, 0x83, 0x37, 0x84, 0xfe, 0x13, 0x87, 0x17, 0x00,
  0x23, 0x34, 0xe4, 0xfe, 0xc1, 0x17, 0xa2, 0x97, 0x13, 0x07, 0x00, 0x03,
  0x23, 0x88, 0xe7, 0xfa, 0x83, 0x67, 0x04, 0xf7, 0x03, 0x37, 0x84, 0xfe,
  0x63, 0x77, 0xf7, 0x00, 0x03, 0x37, 0x84, 0xfe, 0xfd, 0x47, 0xe3, 0xfb,
  0xe7, 0xfc, 0x03, 0x37, 0x84, 0xfe, 0xfd, 0x47, 0x63, 0xe7, 0xe7, 0x06,
  0x83, 0x47, 0x74, 0xfe, 0x93, 0xf7, 0xf7, 0x0f, 0x91, 0xcf, 0x83, 0x37,
  0x84, 0xfe, 0x13, 0x87, 0x17, 0x00, 0x23, 0x34, 0xe4, 0xfe, 0xc1, 0x17,
  0xa2, 0x97, 0x13, 0x07, 0xd0, 0x02, 0x23, 0x88, 0xe7, 0xfa, 0xa1, 0xa0,
  0x83, 0x27, 0xc4, 0xf6, 0x91, 0x8b, 0x81, 0x27, 0x91, 0xcf, 0x83, 0x37,
  0x84, 0xfe, 0x13, 0x87, 0x17, 0x00, 0x23, 0x34, 0xe4, 0xfe, 0xc1, 0x17,
  0xa2, 0x97, 0x13, 0x07, 0xb0, 0x02, 0x23, 0x88, 0xe7, 0xfa, 0x15, 0xa0,
  0x83, 0x27, 0xc4, 0xf6, 0xa1, 0x8b, 0x81, 0x27, 0x89, 0xcf, 0x83, 0x37,
  0x84, 0xfe, 0x13, 0x87, 0x17, 0x00, 0x23, 0x34, 0xe4, 0xfe, 0xc1, 0x17,
  0xa2, 0x97, 0x13, 0x07, 0x00, 0x02, 0x23, 0x88, 0xe7, 0xfa, 0x83, 0x26,
  0xc4, 0xf6, 0x83, 0x27, 0x04, 0xf7, 0x13, 0x07, 0x04, 0xfa, 0xb6, 0x88,
  0x3e, 0x88, 0x83, 0x37, 0x84, 0xfe, 0x83, 0x36, 0x04, 0xf8, 0x03, 0x36,
  0x84, 0xf8, 0x83, 0x35, 0x04, 0xf9, 0x03, 0x35, 0x84, 0xf9, 0xef, 0xf0,
  0x8f, 0xc8, 0xaa, 0x87, 0x3e, 0x85, 0xea, 0x60, 0x4a, 0x64, 0x0d, 0x61,
  0x82, 0x80, 0x35, 0x71, 0x06, 0xed, 0x22, 0xe9, 0x00, 0x11, 0x23, 0x34,
  0xa4, 0xfa, 0x23, 0x30, 0xb4, 0xfa, 0x23, 0x3c, 0xc4, 0xf8, 0x23, 0x38,
  0xd4, 0xf8, 0x27, 0x34, 0xa4, 0xf8, 0x3a, 0x86, 0xbe, 0x86, 0x42, 0x87,
  0xb2, 0x87, 0x23, 0x22, 0xf4, 0xf8, 0xb6, 0x87, 0x23, 0x20, 0xf4, 0xf8,
  0xba, 0x87, 0x23, 0x2e, 0xf4, 0xf6, 0x07, 0x37, 0x84, 0xf8, 0x87, 0x37,
  0x84, 0xf8, 0xd3, 0x27, 0xf7, 0xa2, 0x95, 0xc7, 0x07, 0x37, 0x84, 0xf8,
  0x97, 0x57, 0x00, 0x00, 0x93, 0x87, 0xc7, 0xaa, 0x9c, 0x23, 0xd3, 0x97,
  0xe7, 0xa2, 0x81, 0xef, 0x07, 0x37, 0x84, 0xf8, 0x97, 0x57, 0x00, 0x00,
  0x93, 0x87, 0x07, 0xa9, 0x9c, 0x23, 0xd3, 0x17, 0xf7, 0xa2, 0x91, 0xe3,
  0x35, 0xa0, 0x83, 0x26, 0xc4, 0xf7, 0x83, 0x27, 0x04, 0xf8, 0x03, 0x27,
  0x44, 0xf8, 0x36, 0x88, 0x07, 0x35, 0x84, 0xf8, 0x83, 0x36, 0x04, 0xf9,
  0x03, 0x36, 0x84, 0xf9, 0x83, 0x35, 0x04, 0xfa, 0x03, 0x35, 0x84, 0xfa,
  0xef, 0xf0, 0x3f, 0x9c, 0xaa, 0x87, 0x0d, 0xa9, 0x87, 0x37, 0x84, 0xf8,
  0x53, 0x07, 0x00, 0xf2, 0xd3, 0x97, 0xe7, 0xa2, 0xa3, 0x01, 0xf4, 0xfe,
  0x83, 0x47, 0x34, 0xfe, 0x93, 0xf7, 0xf7, 0x0f, 0x99, 0xc7, 0x87, 0x37,
  0x84, 0xf8, 0xd3, 0x97, 0xf7, 0x22, 0x27, 0x34, 0xf4, 0xf8, 0x83, 0x27,
  0xc4, 0xf7, 0x93, 0xf7, 0x07, 0x40, 0x81, 0x27, 0x81, 0xe7, 0x99, 0x47,
  0x23, 0x22, 0xf4, 0xf8, 0x87, 0x37, 0x84, 0xf8, 0x27, 0x3c, 0xf4, 0xfa,
  0x83, 0x37, 0x84, 0xfb, 0xd1, 0x93, 0x81, 0x27, 0x93, 0xf7, 0xf7, 0x7f,
  0x81, 0x27, 0x9b, 0x87, 0x17, 0xc0, 0x23, 0x2e, 0xf4, 0xfc, 0x03, 0x37,
  0x84, 0xfb, 0xfd, 0x57, 0xb1, 0x83, 0x7d, 0x8f, 0x93, 0x07, 0xf0, 0x3f,
  0xd2, 0x17, 0xd9, 0x8f, 0x23, 0x3c, 0xf4, 0xfa, 0x83, 0x27, 0xc4, 0xfd,
  0x53, 0x87, 0x07, 0xd2, 0x97, 0x57, 0x00, 0x00, 0x93, 0x87, 0x07, 0xa1,
  0x9c, 0x23, 0x53, 0x77, 0xf7, 0x12, 0x97, 0x57, 0x00, 0x00, 0x93, 0x87,
  0xa7, 0xa0, 0x9c, 0x23, 0x53, 0x77, 0xf7, 0x02, 0x87, 0x36, 0x84, 0xfb,
  0x97, 0x57, 0x00, 0x00, 0x93, 0x87, 0x07, 0xa0, 0x9c, 0x23, 0xd3, 0xf6,
  0xf6, 0x0a, 0x97, 0x57, 0x00, 0x00, 0x93, 0x87, 0xa7, 0x9f, 0x9c, 0x23,
  0xd3, 0xf7, 0xf6, 0x12, 0xd3, 0x77, 0xf7, 0x02, 0xd3, 0x97, 0x07, 0xc2,
  0x23, 0x26, 0xf4, 0xfe, 0x83, 0x27, 0xc4, 0xfe, 0x53, 0x87, 0x07, 0xd2,
  0x97, 0x57, 0x00, 0x00, 0x93, 0x87, 0x07, 0x9e, 0x9c, 0x23, 0x53, 0x77,
  0xf7, 0x12, 0x97, 0x57, 0x00, 0x00, 0x93, 0x87, 0x27, 0x9a, 0x9c, 0x23,
  0xd3, 0x77, 0xf7, 0x02, 0xd3, 0x97, 0x07, 0xc2, 0x23, 0x2e, 0xf4, 0xfc,
  0x83, 0x27, 0xc4, 0xfe, 0x53, 0x87, 0x07, 0xd2, 0x97, 0x57, 0x00, 0x00,
  0x93, 0x87, 0xc7, 0x9b, 0x9c, 0x23, 0x53, 0x77, 0xf7, 0x12, 0x83, 0x27,
  0xc4, 0xfd, 0xd3, 0x86, 0x07, 0xd2, 0x97, 0x57, 0x00, 0x00, 0x93, 0x87,
  0xe7, 0x9a, 0x9c, 0x23, 0xd3, 0xf7, 0xf6, 0x12, 0xd3, 0x77, 0xf7, 0x0a,
  0x27, 0x38, 0xf4, 0xfc, 0x87, 0x37, 0x04, 0xfd, 0xd3, 0xf7, 0xf7, 0x12,
  0x27, 0x34, 0xf4, 0xfc, 0x83, 0x27, 0xc4, 0xfd, 0x9b, 0x87, 0xf7, 0x3f,
  0x81, 0x27, 0xd2, 0x17, 0x23, 0x3c, 0xf4, 0xfa, 0x07, 0x37, 0x84, 0xfb,
  0x87, 0x37, 0x04, 0xfd, 0xd3, 0xf6, 0xf7, 0x02, 0x97, 0x57, 0x00, 0x00,
  0x93, 0x87, 0x87, 0x97, 0x90, 0x23, 0x87, 0x37, 0x04, 0xfd, 0x53, 0x76,
  0xf6, 0x0a, 0x87, 0x35, 0x84, 0xfc, 0x97, 0x57, 0x00, 0x00, 0x93, 0x87,
  0xa7, 0x96, 0x9c, 0x23, 0xd3, 0xf5, 0xf5, 0x1a, 0x97, 0x57, 0x00, 0x00,
  0x93, 0x87, 0x47, 0x96, 0x9c, 0x23, 0xd3, 0xf7, 0xf5, 0x02, 0x87, 0x35,
  0x84, 0xfc, 0xd3, 0xf5, 0xf5, 0x1a, 0x97, 0x57, 0x00, 0x00, 0x93, 0x87,
  0x67, 0x95, 0x9c, 0x23, 0xd3, 0xf7, 0xf5, 0x02, 0x87, 0x35, 0x84, 0xfc,
  0xd3, 0xf7, 0xf5, 0x1a, 0xd3, 0x77, 0xf6, 0x02, 0xd3, 0xf6, 0xf6, 0x1a,
  0x97, 0x57, 0x00, 0x00, 0x93, 0x87, 0x07, 0x94, 0x9c, 0x23, 0xd3, 0xf7,
  0xf6, 0x02, 0xd3, 0x77, 0xf7, 0x12, 0x27, 0x3c, 0xf4, 0xfa, 0x87, 0x37,
  0x84, 0xfb, 0x07, 0x37, 0x84, 0xf8, 0xd3, 0x17, 0xf7, 0xa2, 0x91, 0xe3,
  0x0d, 0xa0, 0x83, 0x27, 0xc4, 0xfe, 0xfd, 0x37, 0x23, 0x26, 0xf4, 0xfe,
  0x07, 0x37, 0x84, 0xfb, 0x97, 0x57, 0x00, 0x00, 0x93, 0x87, 0xc7, 0x8f,
  0x9c, 0x23, 0xd3, 0x77, 0xf7, 0x1a, 0x27, 0x3c, 0xf4, 0xfa, 0x83, 0x27,
  0xc4, 0xfe, 0x1b, 0x87, 0x07, 0x00, 0x93, 0x07, 0x30, 0x06, 0x63, 0xce,
  0xe7, 0x00, 0x83, 0x27, 0xc4, 0xfe, 0x1b, 0x87, 0x07, 0x00, 0x93, 0x07,
  0xd0, 0xf9, 0x63, 0x46, 0xf7, 0x00, 0x91, 0x47, 0x23, 0x24, 0xf4, 0xfe,
  0x21, 0xa0, 0x95, 0x47, 0x23, 0x24, 0xf4, 0xfe, 0x83, 0x27, 0xc4, 0xf7,
  0x3e, 0x87, 0x85, 0x67, 0x93, 0x87, 0x07, 0x80, 0xf9, 0x8f, 0x81, 0x27,
  0xc9, 0xc7, 0x07, 0x37, 0x84, 0xf8, 0x97, 0x57, 0x00, 0x00, 0x93, 0x87,
  0xe7, 0x8b, 0x9c, 0x23, 0xd3, 0x87, 0xe7, 0xa2, 0x91, 0xe3, 0x99, 0xa8,
  0x07, 0x37, 0x84, 0xf8, 0x97, 0x57, 0x00, 0x00, 0x93, 0x87, 0x07, 0x8b,
  0x9c, 0x23, 0xd3, 0x17, 0xf7, 0xa2, 0x91, 0xe3, 0x81, 0xa0, 0x83, 0x27,
  0x44, 0xf8, 0x03, 0x27, 0xc4, 0xfe, 0x01, 0x27, 0x63, 0x5d, 0xf7, 0x00,
  0x83, 0x27, 0x44, 0xf8, 0x03, 0x27, 0xc4, 0xfe, 0x99, 0x9f, 0x81, 0x27,
  0xfd, 0x37, 0x81, 0x27, 0x23, 0x22, 0xf4, 0xf8, 0x19, 0xa0, 0x23, 0x22,
  0x04, 0xf8, 0x83, 0x27, 0xc4, 0xf7, 0x93, 0xe7, 0x07, 0x40, 0x23, 0x2e,
  0xf4, 0xf6, 0x23, 0x24, 0x04, 0xfe, 0x23, 0x26, 0x04, 0xfe, 0x05, 0xa0,
  0x83, 0x27, 0x44, 0xf8, 0x81, 0x27, 0x81, 0xcf, 0x83, 0x27, 0xc4, 0xf7,
  0x93, 0xf7, 0x07, 0x40, 0x81, 0x27, 0x91, 0xc7, 0x83, 0x27, 0x44, 0xf8,
  0xfd, 0x37, 0x23, 0x22, 0xf4, 0xf8, 0x83, 0x27, 0x04, 0xf8, 0x23, 0x22,
  0xf4, 0xfe, 0x83, 0x27, 0x04, 0xf8, 0x3e, 0x87, 0x83, 0x27, 0x84, 0xfe,
  0x01, 0x27, 0x81, 0x27, 0x63, 0xfc, 0xe7, 0x00, 0x83, 0x27, 0x44, 0xfe,
  0x3e, 0x87, 0x83, 0x27, 0x84, 0xfe, 0xbb, 0x07, 0xf7, 0x40, 0x23, 0x22,
  0xf4, 0xfe, 0x19, 0xa0, 0x23, 0x22, 0x04, 0xfe, 0x83, 0x27, 0xc4, 0xf7,
  0x89, 0x8b, 0x81, 0x27, 0x99, 0xc7, 0x83, 0x27, 0x84, 0xfe, 0x81, 0x27,
  0x99, 0xc3, 0x23, 0x22, 0x04, 0xfe, 0x83, 0x27, 0xc4, 0xfe, 0x81, 0x27,
  0x89, 0xcb, 0x87, 0x37, 0x84, 0xfb, 0x07, 0x37, 0x84, 0xf8, 0xd3, 0x77,
  0xf7, 0x1a, 0x27, 0x34, 0xf4, 0xf8, 0x83, 0x37, 0x84, 0xf9, 0x23, 0x30,
  0xf4, 0xfc, 0x83, 0x47, 0x34, 0xfe, 0x93, 0xf7, 0xf7, 0x0f, 0x91, 0xc7,
  0x87, 0x37, 0x84, 0xf8, 0xd3, 0x97, 0xf7, 0x22, 0x19, 0xa0, 0x87, 0x37,
  0x84, 0xf8, 0x83, 0x27, 0xc4, 0xf7, 0x3e, 0x87, 0xfd, 0x77, 0x93, 0x87,
  0xf7, 0x7f, 0xf9, 0x8f, 0x9b, 0x86, 0x07, 0x00, 0x83, 0x27, 0x44, 0xfe,
  0x03, 0x27, 0x44, 0xf8, 0x36, 0x88, 0x53, 0x85, 0xf7, 0x22, 0x83, 0x36,
  0x04, 0xf9, 0x03, 0x36, 0x84, 0xf9, 0x83, 0x35, 0x04, 0xfa, 0x03, 0x35,
  0x84, 0xfa, 0xef, 0xf0, 0x0f, 0xe6, 0x23, 0x3c, 0xa4, 0xf8, 0x83, 0x27,
  0x84, 0xfe, 0x81, 0x27, 0xf1, 0xc3, 0x83, 0x27, 0xc4, 0xf7, 0x93, 0xf7,
  0x07, 0x02, 0x81, 0x27, 0x81, 0xc7, 0x93, 0x07, 0x50, 0x04, 0x19, 0xa0,
  0x93, 0x07, 0x50, 0x06, 0x03, 0x37, 0x84, 0xf9, 0x93, 0x06, 0x17, 0x00,
  0x23, 0x3c, 0xd4, 0xf8, 0x03, 0x38, 0x84, 0xfa, 0x83, 0x36, 0x04, 0xf9,
  0x3a, 0x86, 0x83, 0x35, 0x04, 0xfa, 0x3e, 0x85, 0x02, 0x98, 0x83, 0x27,
  0xc4, 0xfe, 0x9b, 0xd7, 0xf7, 0x41, 0x03, 0x27, 0xc4, 0xfe, 0x3d, 0x8f,
  0xbb, 0x07, 0xf7, 0x40, 0x81, 0x27, 0x3e, 0x86, 0x83, 0x27, 0xc4, 0xfe,
  0x9b, 0xd7, 0xf7, 0x01, 0x93, 0xf6, 0xf7, 0x0f, 0x83, 0x27, 0x84, 0xfe,
  0xfd, 0x37, 0x81, 0x27, 0x15, 0x47, 0x3a, 0xe4, 0x3e, 0xe0, 0x81, 0x48,
  0x29, 0x48, 0xb6, 0x87, 0x32, 0x87, 0x83, 0x36, 0x04, 0xf9, 0x03, 0x36,
  0x84, 0xf9, 0x83, 0x35, 0x04, 0xfa, 0x03, 0x35, 0x84, 0xfa, 0xef, 0xf0,
  0x8f, 0xba, 0x23, 0x3c, 0xa4, 0xf8, 0x83, 0x27, 0xc4, 0xf7, 0x89, 0x8b,
  0x81, 0x27, 0x9d, 0xcb, 0x0d, 0xa0, 0x83, 0x37, 0x84, 0xf9, 0x13, 0x87,
  0x17, 0x00, 0x23, 0x3c, 0xe4, 0xf8, 0x03, 0x37, 0x84, 0xfa, 0x83, 0x36,
  0x04, 0xf9, 0x3e, 0x86, 0x83, 0x35, 0x04, 0xfa, 0x13, 0x05, 0x00, 0x02,
  0x02, 0x97, 0x03, 0x37, 0x84, 0xf9, 0x83, 0x37, 0x04, 0xfc, 0x1d, 0x8f,
  0x83, 0x67, 0x04, 0xf8, 0xe3, 0x69, 0xf7, 0xfc, 0x83, 0x37, 0x84, 0xf9,
  0x3e, 0x85, 0xea, 0x60, 0x4a, 0x64, 0x0d, 0x61, 0x82, 0x80, 0x35, 0x71,
  0x06, 0xed, 0x22, 0xe9, 0x00, 0x11, 0x23, 0x3c, 0xa4, 0xf8, 0x23, 0x38,
  0xb4, 0xf8, 0x23, 0x34, 0xc4, 0xf8, 0x23, 0x30, 0xd4, 0xf8, 0x23, 0x3c,
  0xe4, 0xf6, 0x23, 0x3c, 0x04, 0xfc, 0x83, 0x37, 0x04, 0xf9, 0xe3, 0x9c,
  0x07, 0x46, 0x97, 0xf7, 0xff, 0xff, 0x93, 0x87, 0xc7, 0xdd, 0x23, 0x3c,
  0xf4, 0xf8, 0x6f, 0x00, 0x90, 0x46, 0x83, 0x37, 0x04, 0xf8, 0x83, 0xc7,
  0x07, 0x00, 0x3e, 0x87, 0x93, 0x07, 0x50, 0x02, 0x63, 0x0b, 0xf7, 0x02,
  0x83, 0x37, 0x04, 0xf8, 0x03, 0xc5, 0x07, 0x00, 0x83, 0x37, 0x84, 0xfd,
  0x13, 0x87, 0x17, 0x00, 0x23, 0x3c, 0xe4, 0xfc, 0x03, 0x37, 0x84, 0xf9,
  0x83, 0x36, 0x84, 0xf8, 0x3e, 0x86, 0x83, 0x35, 0x04, 0xf9, 0x02, 0x97,
  0x83, 0x37, 0x04, 0xf8, 0x85, 0x07, 0x23, 0x30, 0xf4, 0xf8, 0x6f, 0x00,
  0x50, 0x42, 0x83, 0x37, 0x04, 0xf8, 0x85, 0x07, 0x23, 0x30, 0xf4, 0xf8,
  0x23, 0x26, 0x04, 0xfe, 0x83, 0x37, 0x04, 0xf8, 0x83, 0xc7, 0x07, 0x00,
  0x81, 0x27, 0x13, 0x07, 0x00, 0x03, 0x63, 0x8f, 0xe7, 0x02, 0x13, 0x07,
  0x00, 0x03, 0x63, 0x46, 0xf7, 0x0c, 0x13, 0x07, 0xd0, 0x02, 0x63, 0x86,
  0xe7, 0x04, 0x13, 0x07, 0xd0, 0x02, 0x63, 0x4e, 0xf7, 0x0a, 0x13, 0x07,
  0xb0, 0x02, 0x63, 0x8d, 0xe7, 0x04, 0x13, 0x07, 0xb0, 0x02, 0x63, 0x46,
  0xf7, 0x0a, 0x13, 0x07, 0x00, 0x02, 0x63, 0x84, 0xe7, 0x06, 0x13, 0x07,
  0x30, 0x02, 0x63, 0x8f, 0xe7, 0x06, 0x61, 0xa8, 0x83, 0x27, 0xc4, 0xfe,
  0x93, 0xe7, 0x17, 0x00, 0x23, 0x26, 0xf4, 0xfe, 0x83, 0x37, 0x04, 0xf8,
  0x85, 0x07, 0x23, 0x30, 0xf4, 0xf8, 0x85, 0x47, 0x23, 0x20, 0xf4, 0xfe,
  0x41, 0xa0, 0x83, 0x27, 0xc4, 0xfe, 0x93, 0xe7, 0x27, 0x00, 0x23, 0x26,
  0xf4, 0xfe, 0x83, 0x37, 0x04, 0xf8, 0x85, 0x07, 0x23, 0x30, 0xf4, 0xf8,
  0x85, 0x47, 0x23, 0x20, 0xf4, 0xfe, 0x8d, 0xa0, 0x83, 0x27, 0xc4, 0xfe,
  0x93, 0xe7, 0x47, 0x00, 0x23, 0x26, 0xf4, 0xfe, 0x83, 0x37, 0x04, 0xf8,
  0x85, 0x07, 0x23, 0x30, 0xf4, 0xf8, 0x85, 0x47, 0x23, 0x20, 0xf4, 0xfe,
  0x91, 0xa0, 0x83, 0x27, 0xc4, 0xfe, 0x93, 0xe7, 0x87, 0x00, 0x23, 0x26,
  0xf4, 0xfe, 0x83, 0x37, 0x04, 0xf8, 0x85, 0x07, 0x23, 0x30, 0xf4, 0xf8,
  0x85, 0x47, 0x23, 0x20, 0xf4, 0xfe, 0x1d, 0xa0, 0x83, 0x27, 0xc4, 0xfe,
  0x93, 0xe7, 0x07, 0x01, 0x23, 0x26, 0xf4, 0xfe, 0x83, 0x37, 0x04, 0xf8,
  0x85, 0x07, 0x23, 0x30, 0xf4, 0xf8, 0x85, 0x47, 0x23, 0x20, 0xf4, 0xfe,
  0x21, 0xa0, 0x23, 0x20, 0x04, 0xfe, 0x01, 0x00, 0x83, 0x27, 0x04, 0xfe,
  0x81, 0x27, 0x89, 0xfb, 0x23, 0x24, 0x04, 0xfe, 0x83, 0x37, 0x04, 0xf8,
  0x83, 0xc7, 0x07, 0x00, 0x3e, 0x85, 0xef, 0xe0, 0x1f, 0xd7, 0xaa, 0x87,
  0x91, 0xcb, 0x93, 0x07, 0x04, 0xf8, 0x3e, 0x85, 0xef, 0xe0, 0x7f, 0xda,
  0xaa, 0x87, 0x23, 0x24, 0xf4, 0xfe, 0xb9, 0xa8, 0x83, 0x37, 0x04, 0xf8,
  0x83, 0xc7, 0x07, 0x00, 0x3e, 0x87, 0x93, 0x07, 0xa0, 0x02, 0x63, 0x17,
  0xf7, 0x04, 0x83, 0x37, 0x84, 0xf7, 0x13, 0x87, 0x87, 0x00, 0x23, 0x3c,
  0xe4, 0xf6, 0x9c, 0x43, 0x23, 0x2c, 0xf4, 0xfa, 0x83, 0x27, 0x84, 0xfb,
  0x81, 0x27, 0x63, 0xd0, 0x07, 0x02, 0x83, 0x27, 0xc4, 0xfe, 0x93, 0xe7,
  0x27, 0x00, 0x23, 0x26, 0xf4, 0xfe, 0x83, 0x27, 0x84, 0xfb, 0xbb, 0x07,
  0xf0, 0x40, 0x81, 0x27, 0x23, 0x24, 0xf4, 0xfe, 0x29, 0xa0, 0x83, 0x27,
  0x84, 0xfb, 0x23, 0x24, 0xf4, 0xfe, 0x83, 0x37, 0x04, 0xf8, 0x85, 0x07,
  0x23, 0x30, 0xf4, 0xf8, 0x23, 0x22, 0x04, 0xfe, 0x83, 0x37, 0x04, 0xf8,
  0x83, 0xc7, 0x07, 0x00, 0x3e, 0x87, 0x93, 0x07, 0xe0, 0x02, 0x63, 0x12,
  0xf7, 0x08, 0x83, 0x27, 0xc4, 0xfe, 0x93, 0xe7, 0x07, 0x40, 0x23, 0x26,
  0xf4, 0xfe, 0x83, 0x37, 0x04, 0xf8, 0x85, 0x07, 0x23, 0x30, 0xf4, 0xf8,
  0x83, 0x37, 0x04, 0xf8, 0x83, 0xc7, 0x07, 0x00, 0x3e, 0x85, 0xef, 0xe0,
  0x5f, 0xcc, 0xaa, 0x87, 0x91, 0xcb, 0x93, 0x07, 0x04, 0xf8, 0x3e, 0x85,
  0xef, 0xe0, 0xbf, 0xcf, 0xaa, 0x87, 0x23, 0x22, 0xf4, 0xfe, 0xa1, 0xa0,
  0x83, 0x37, 0x04, 0xf8, 0x83, 0xc7, 0x07, 0x00, 0x3e, 0x87, 0x93, 0x07,
  0xa0, 0x02, 0x63, 0x1c, 0xf7, 0x02, 0x83, 0x37, 0x84, 0xf7, 0x13, 0x87,
  0x87, 0x00, 0x23, 0x3c, 0xe4, 0xf6, 0x9c, 0x43, 0x23, 0x2a, 0xf4, 0xfa,
  0x83, 0x27, 0x44, 0xfb, 0x3e, 0x87, 0x9b, 0x07, 0x07, 0x00, 0x63, 0xd3,
  0x07, 0x00, 0x01, 0x47, 0x9b, 0x07, 0x07, 0x00, 0x23, 0x22, 0xf4, 0xfe,
  0x83, 0x37, 0x04, 0xf8, 0x85, 0x07, 0x23, 0x30, 0xf4, 0xf8, 0x83, 0x37,
  0x04, 0xf8, 0x83, 0xc7, 0x07, 0x00, 0x81, 0x27, 0x13, 0x07, 0xa0, 0x07,
  0x63, 0x87, 0xe7, 0x0e, 0x13, 0x07, 0xa0, 0x07, 0x63, 0x4f, 0xf7, 0x0e,
  0x13, 0x07, 0x40, 0x07, 0x63, 0x87, 0xe7, 0x0a, 0x13, 0x07, 0x40, 0x07,
  0x63, 0x47, 0xf7, 0x0e, 0x13, 0x07, 0xc0, 0x06, 0x63, 0x8f, 0xe7, 0x00,
  0x13, 0x07, 0xc0, 0x06, 0x63, 0x4f, 0xf7, 0x0c, 0x13, 0x07, 0x80, 0x06,
  0x63, 0x87, 0xe7, 0x04, 0x13, 0x07, 0xa0, 0x06, 0x63, 0x8f, 0xe7, 0x08,
  0xe9, 0xa0, 0x83, 0x27, 0xc4, 0xfe, 0x93, 0xe7, 0x07, 0x10, 0x23, 0x26,
  0xf4, 0xfe, 0x83, 0x37, 0x04, 0xf8, 0x85, 0x07, 0x23, 0x30, 0xf4, 0xf8,
  0x83, 0x37, 0x04, 0xf8, 0x83, 0xc7, 0x07, 0x00, 0x3e, 0x87, 0x93, 0x07,
  0xc0, 0x06, 0x63, 0x14, 0xf7, 0x0a, 0x83, 0x27, 0xc4, 0xfe, 0x93, 0xe7,
  0x07, 0x20, 0x23, 0x26, 0xf4, 0xfe, 0x83, 0x37, 0x04, 0xf8, 0x85, 0x07,
  0x23, 0x30, 0xf4, 0xf8, 0x79, 0xa0, 0x83, 0x27, 0xc4, 0xfe, 0x93, 0xe7,
  0x07, 0x08, 0x23, 0x26, 0xf4, 0xfe, 0x83, 0x37, 0x04, 0xf8, 0x85, 0x07,
  0x23, 0x30, 0xf4, 0xf8, 0x83, 0x37, 0x04, 0xf8, 0x83, 0xc7, 0x07, 0x00,
  0x3e, 0x87, 0x93, 0x07, 0x80, 0x06, 0x63, 0x16, 0xf7, 0x06, 0x83, 0x27,
  0xc4, 0xfe, 0x93, 0xe7, 0x07, 0x04, 0x23, 0x26, 0xf4, 0xfe, 0x83, 0x37,
  0x04, 0xf8, 0x85, 0x07, 0x23, 0x30, 0xf4, 0xf8, 0x89, 0xa8, 0x83, 0x27,
  0xc4, 0xfe, 0x93, 0xe7, 0x07, 0x10, 0x23, 0x26, 0xf4, 0xfe, 0x83, 0x37,
  0x04, 0xf8, 0x85, 0x07, 0x23, 0x30, 0xf4, 0xf8, 0x35, 0xa8, 0x83, 0x27,
  0xc4, 0xfe, 0x93, 0xe7, 0x07, 0x10, 0x23, 0x26, 0xf4, 0xfe, 0x83, 0x37,
  0x04, 0xf8, 0x85, 0x07, 0x23, 0x30, 0xf4, 0xf8, 0x15, 0xa0, 0x83, 0x27,
  0xc4, 0xfe, 0x93, 0xe7, 0x07, 0x10, 0x23, 0x26, 0xf4, 0xfe, 0x83, 0x37,
  0x04, 0xf8, 0x85, 0x07, 0x23, 0x30, 0xf4, 0xf8, 0x31, 0xa0, 0x01, 0x00,
  0x21, 0xa0, 0x01, 0x00, 0x11, 0xa0, 0x01, 0x00, 0x83, 0x37, 0x04, 0xf8,
  0x83, 0xc7, 0x07, 0x00, 0x81, 0x27, 0x13, 0x07, 0x80, 0x07, 0x63, 0x8f,
  0xe7, 0x0e, 0x13, 0x07, 0x80, 0x07, 0xe3, 0x42, 0xf7, 0x0a, 0x13, 0x07,
  0x50, 0x07, 0x63, 0x87, 0xe7, 0x0e, 0x13, 0x07, 0x50, 0x07, 0xe3, 0x4a,
  0xf7, 0x08, 0x13, 0x07, 0x30, 0x07, 0x63, 0x8a, 0xe7, 0x66, 0x13, 0x07,
  0x30, 0x07, 0xe3, 0x42, 0xf7, 0x08, 0x13, 0x07, 0x00, 0x07, 0x63, 0x80,
  0xe7, 0x7a, 0x13, 0x07, 0x00, 0x07, 0xe3, 0x4a, 0xf7, 0x06, 0x13, 0x07,
  0xf0, 0x06, 0x63, 0x8f, 0xe7, 0x0a, 0x13, 0x07, 0xf0, 0x06, 0xe3, 0x42,
  0xf7, 0x06, 0x13, 0x07, 0x90, 0x06, 0x63, 0x87, 0xe7, 0x0a, 0x13, 0x07,
  0x90, 0x06, 0xe3, 0x4a, 0xf7, 0x04, 0x13, 0x07, 0x70, 0x06, 0x63, 0x83,
  0xe7, 0x4c, 0x13, 0x07, 0x70, 0x06, 0xe3, 0x42, 0xf7, 0x04, 0x13, 0x07,
  0x60, 0x06, 0x63, 0x8a, 0xe7, 0x44, 0x13, 0x07, 0x60, 0x06, 0xe3, 0x4a,
  0xf7, 0x02, 0x13, 0x07, 0x50, 0x06, 0x63, 0x83, 0xe7, 0x4a, 0x13, 0x07,
  0x50, 0x06, 0xe3, 0x42, 0xf7, 0x02, 0x13, 0x07, 0x40, 0x06, 0x63, 0x87,
  0xe7, 0x06, 0x13, 0x07, 0x40, 0x06, 0xe3, 0x4a, 0xf7, 0x00, 0x13, 0x07,
  0x30, 0x06, 0x63, 0x88, 0xe7, 0x52, 0x13, 0x07, 0x30, 0x06, 0xe3, 0x42,
  0xf7, 0x00, 0x13, 0x07, 0x20, 0x06, 0x63, 0x87, 0xe7, 0x04, 0x13, 0x07,
  0x20, 0x06, 0x63, 0x4a, 0xf7, 0x7e, 0x13, 0x07, 0x80, 0x05, 0x63, 0x8f,
  0xe7, 0x02, 0x13, 0x07, 0x80, 0x05, 0x63, 0x42, 0xf7, 0x7e, 0x13, 0x07,
  0x70, 0x04, 0x63, 0x8b, 0xe7, 0x44, 0x13, 0x07, 0x70, 0x04, 0x63, 0x4a,
  0xf7, 0x7c, 0x13, 0x07, 0x60, 0x04, 0x63, 0x82, 0xe7, 0x3e, 0x13, 0x07,
  0x60, 0x04, 0x63, 0x42, 0xf7, 0x7c, 0x13, 0x07, 0x50, 0x02, 0x63, 0x88,
  0xe7, 0x78, 0x13, 0x07, 0x50, 0x04, 0x63, 0x87, 0xe7, 0x42, 0x45, 0xaf,
  0x83, 0x37, 0x04, 0xf8, 0x83, 0xc7, 0x07, 0x00, 0x3e, 0x87, 0x93, 0x07,
  0x80, 0x07, 0x63, 0x0b, 0xf7, 0x00, 0x83, 0x37, 0x04, 0xf8, 0x83, 0xc7,
  0x07, 0x00, 0x3e, 0x87, 0x93, 0x07, 0x80, 0x05, 0x63, 0x16, 0xf7, 0x00,
  0xc1, 0x47, 0x23, 0x2a, 0xf4, 0xfc, 0x99, 0xa0, 0x83, 0x37, 0x04, 0xf8,
  0x83, 0xc7, 0x07, 0x00, 0x3e, 0x87, 0x93, 0x07, 0xf0, 0x06, 0x63, 0x16,
  0xf7, 0x00, 0xa1, 0x47, 0x23, 0x2a, 0xf4, 0xfc, 0x35, 0xa0, 0x83, 0x37,
  0x04, 0xf8, 0x83, 0xc7, 0x07, 0x00, 0x3e, 0x87, 0x93, 0x07, 0x20, 0x06,
  0x63, 0x16, 0xf7, 0x00, 0x89, 0x47, 0x23, 0x2a, 0xf4, 0xfc, 0x09, 0xa8,
  0xa9, 0x47, 0x23, 0x2a, 0xf4, 0xfc, 0x83, 0x27, 0xc4, 0xfe, 0xbd, 0x9b,
  0x23, 0x26, 0xf4, 0xfe, 0x83, 0x37, 0x04, 0xf8, 0x83, 0xc7, 0x07, 0x00,
  0x3e, 0x87, 0x93, 0x07, 0x80, 0x05, 0x63, 0x18, 0xf7, 0x00, 0x83, 0x27,
  0xc4, 0xfe, 0x93, 0xe7, 0x07, 0x02, 0x23, 0x26, 0xf4, 0xfe, 0x83, 0x37,
  0x04, 0xf8, 0x83, 0xc7, 0x07, 0x00, 0x3e, 0x87, 0x93, 0x07, 0x90, 0x06,
  0x63, 0x00, 0xf7, 0x02, 0x83, 0x37, 0x04, 0xf8, 0x83, 0xc7, 0x07, 0x00,
  0x3e, 0x87, 0x93, 0x07, 0x40, 0x06, 0x63, 0x07, 0xf7, 0x00, 0x83, 0x27,
  0xc4, 0xfe, 0xcd, 0x9b, 0x23, 0x26, 0xf4, 0xfe, 0x83, 0x27, 0xc4, 0xfe,
  0x93, 0xf7, 0x07, 0x40, 0x81, 0x27, 0x91, 0xc7, 0x83, 0x27, 0xc4, 0xfe,
  0xf9, 0x9b, 0x23, 0x26, 0xf4, 0xfe, 0x83, 0x37, 0x04, 0xf8, 0x83, 0xc7,
  0x07, 0x00, 0x3e, 0x87, 0x93, 0x07, 0x90, 0x06, 0x63, 0x0b, 0xf7, 0x00,
  0x83, 0x37, 0x04, 0xf8, 0x83, 0xc7, 0x07, 0x00, 0x3e, 0x87, 0x93, 0x07,
  0x40, 0x06, 0x63, 0x1e, 0xf7, 0x18, 0x83, 0x27, 0xc4, 0xfe, 0x93, 0xf7,
  0x07, 0x20, 0x81, 0x27, 0xbd, 0xc3, 0x83, 0x37, 0x84, 0xf7, 0x13, 0x87,
  0x87, 0x00, 0x23, 0x3c, 0xe4, 0xf6, 0x9c, 0x63, 0x23, 0x30, 0xf4, 0xfa,
  0x83, 0x37, 0x04, 0xfa, 0x13, 0xd7, 0xf7, 0x43, 0x83, 0x37, 0x04, 0xfa,
  0xb9, 0x8f, 0x99, 0x8f, 0xbe, 0x85, 0x83, 0x37, 0x04, 0xfa, 0xfd, 0x93,
  0x13, 0xf7, 0xf7, 0x0f, 0x83, 0x66, 0x44, 0xfd, 0x03, 0x26, 0x44, 0xfe,
  0x83, 0x27, 0xc4, 0xfe, 0x3e, 0xe4, 0x83, 0x27, 0x84, 0xfe, 0x3e, 0xe0,
  0xb2, 0x88, 0x36, 0x88, 0xba, 0x87, 0x2e, 0x87, 0x83, 0x36, 0x84, 0xf8,
  0x03, 0x36, 0x84, 0xfd, 0x83, 0x35, 0x04, 0xf9, 0x03, 0x35, 0x84, 0xf9,
  0xef, 0xe0, 0x1f, 0xe5, 0x23, 0x3c, 0xa4, 0xfc, 0x99, 0xac, 0x83, 0x27,
  0xc4, 0xfe, 0x93, 0xf7, 0x07, 0x10, 0x81, 0x27, 0xbd, 0xc3, 0x83, 0x37,
  0x84, 0xf7, 0x13, 0x87, 0x87, 0x00, 0x23, 0x3c, 0xe4, 0xf6, 0x9c, 0x63,
  0x23, 0x34, 0xf4, 0xfa, 0x83, 0x37, 0x84, 0xfa, 0x13, 0xd7, 0xf7, 0x43,
  0x83, 0x37, 0x84, 0xfa, 0xb9, 0x8f, 0x99, 0x8f, 0xbe, 0x85, 0x83, 0x37,
  0x84, 0xfa, 0xfd, 0x93, 0x13, 0xf7, 0xf7, 0x0f, 0x83, 0x66, 0x44, 0xfd,
  0x03, 0x26, 0x44, 0xfe, 0x83, 0x27, 0xc4, 0xfe, 0x3e, 0xe4, 0x83, 0x27,
  0x84, 0xfe, 0x3e, 0xe0, 0xb2, 0x88, 0x36, 0x88, 0xba, 0x87, 0x2e, 0x87,
  0x83, 0x36, 0x84, 0xf8, 0x03, 0x36, 0x84, 0xfd, 0x83, 0x35, 0x04, 0xf9,
  0x03, 0x35, 0x84, 0xf9, 0xef, 0xe0, 0xbf, 0xcc, 0x23, 0x3c, 0xa4, 0xfc,
  0xdd, 0xa2, 0x83, 0x27, 0xc4, 0xfe, 0x93, 0xf7, 0x07, 0x04, 0x81, 0x27,
  0x89, 0xcf, 0x83, 0x37, 0x84, 0xf7, 0x13, 0x87, 0x87, 0x00, 0x23, 0x3c,
  0xe4, 0xf6, 0x9c, 0x43, 0x93, 0xf7, 0xf7, 0x0f, 0x23, 0x28, 0xf4, 0xfc,
  0x35, 0xa8, 0x83, 0x27, 0xc4, 0xfe, 0x93, 0xf7, 0x07, 0x08, 0x81, 0x27,
  0x99, 0xcf, 0x83, 0x37, 0x84, 0xf7, 0x13, 0x87, 0x87, 0x00, 0x23, 0x3c,
  0xe4, 0xf6, 0x9c, 0x43, 0x9b, 0x97, 0x07, 0x01, 0x9b, 0xd7, 0x07, 0x41,
  0x23, 0x28, 0xf4, 0xfc, 0x11, 0xa8, 0x83, 0x37, 0x84, 0xf7, 0x13, 0x87,
  0x87, 0x00, 0x23, 0x3c, 0xe4, 0xf6, 0x9c, 0x43, 0x23, 0x28, 0xf4, 0xfc,
  0x83, 0x27, 0x04, 0xfd, 0x9b, 0xd7, 0xf7, 0x41, 0x03, 0x27, 0x04, 0xfd,
  0x3d, 0x8f, 0xbb, 0x07, 0xf7, 0x40, 0x81, 0x27, 0x13, 0x97, 0x07, 0x02,
  0x01, 0x93, 0x83, 0x27, 0x04, 0xfd, 0x9b, 0xd7, 0xf7, 0x01, 0x93, 0xf6,
  0xf7, 0x0f, 0x03, 0x66, 0x44, 0xfd, 0x83, 0x25, 0x44, 0xfe, 0x83, 0x27,
  0xc4, 0xfe, 0x3e, 0xe4, 0x83, 0x27, 0x84, 0xfe, 0x3e, 0xe0, 0xae, 0x88,
  0x32, 0x88, 0xb6, 0x87, 0x83, 0x36, 0x84, 0xf8, 0x03, 0x36, 0x84, 0xfd,
  0x83, 0x35, 0x04, 0xf9, 0x03, 0x35, 0x84, 0xf9, 0xef, 0xe0, 0x3f, 0xc1,
  0x23, 0x3c, 0xa4, 0xfc, 0x3d, 0xa2, 0x83, 0x27, 0xc4, 0xfe, 0x93, 0xf7,
  0x07, 0x20, 0x81, 0x27, 0xb1, 0xc3, 0x83, 0x37, 0x84, 0xf7, 0x13, 0x87,
  0x87, 0x00, 0x23, 0x3c, 0xe4, 0xf6, 0x98, 0x63, 0x83, 0x66, 0x44, 0xfd,
  0x03, 0x26, 0x44, 0xfe, 0x83, 0x27, 0xc4, 0xfe, 0x3e, 0xe4, 0x83, 0x27,
  0x84, 0xfe, 0x3e, 0xe0, 0xb2, 0x88, 0x36, 0x88, 0x81, 0x47, 0x83, 0x36,
  0x84, 0xf8, 0x03, 0x36, 0x84, 0xfd, 0x83, 0x35, 0x04, 0xf9, 0x03, 0x35,
  0x84, 0xf9, 0xef, 0xe0, 0xbf, 0xcd, 0x23, 0x3c, 0xa4, 0xfc, 0xc5, 0xa0,
  0x83, 0x27, 0xc4, 0xfe, 0x93, 0xf7, 0x07, 0x10, 0x81, 0x27, 0xb1, 0xc3,
  0x83, 0x37, 0x84, 0xf7, 0x13, 0x87, 0x87, 0x00, 0x23, 0x3c, 0xe4, 0xf6,
  0x98, 0x63, 0x83, 0x66, 0x44, 0xfd, 0x03, 0x26, 0x44, 0xfe, 0x83, 0x27,
  0xc4, 0xfe, 0x3e, 0xe4, 0x83, 0x27, 0x84, 0xfe, 0x3e, 0xe0, 0xb2, 0x88,
  0x36, 0x88, 0x81, 0x47, 0x83, 0x36, 0x84, 0xf8, 0x03, 0x36, 0x84, 0xfd,
  0x83, 0x35, 0x04, 0xf9, 0x03, 0x35, 0x84, 0xf9, 0xef, 0xe0, 0x7f, 0xb7,
  0x23, 0x3c, 0xa4, 0xfc, 0x49, 0xa8, 0x83, 0x27, 0xc4, 0xfe, 0x93, 0xf7,
  0x07, 0x04, 0x81, 0x27, 0x89, 0xcf, 0x83, 0x37, 0x84, 0xf7, 0x13, 0x87,
  0x87, 0x00, 0x23, 0x3c, 0xe4, 0xf6, 0x9c, 0x43, 0x93, 0xf7, 0xf7, 0x0f,
  0x23, 0x26, 0xf4, 0xfc, 0x25, 0xa8, 0x83, 0x27, 0xc4, 0xfe, 0x93, 0xf7,
  0x07, 0x08, 0x81, 0x27, 0x89, 0xcf, 0x83, 0x37, 0x84, 0xf7, 0x13, 0x87,
  0x87, 0x00, 0x23, 0x3c, 0xe4, 0xf6, 0x9c, 0x43, 0xc2, 0x17, 0xc1, 0x93,
  0x23, 0x26, 0xf4, 0xfc, 0x11, 0xa8, 0x83, 0x37, 0x84, 0xf7, 0x13, 0x87,
  0x87, 0x00, 0x23, 0x3c, 0xe4, 0xf6, 0x9c, 0x43, 0x23, 0x26, 0xf4, 0xfc,
  0x03, 0x67, 0xc4, 0xfc, 0x83, 0x66, 0x44, 0xfd, 0x03, 0x26, 0x44, 0xfe,
  0x83, 0x27, 0xc4, 0xfe, 0x3e, 0xe4, 0x83, 0x27, 0x84, 0xfe, 0x3e, 0xe0,
  0xb2, 0x88, 0x36, 0x88, 0x81, 0x47, 0x83, 0x36, 0x84, 0xf8, 0x03, 0x36,
  0x84, 0xfd, 0x83, 0x35, 0x04, 0xf9, 0x03, 0x35, 0x84, 0xf9, 0xef, 0xe0,
  0x5f, 0xae, 0x23, 0x3c, 0xa4, 0xfc, 0x83, 0x37, 0x04, 0xf8, 0x85, 0x07,
  0x23, 0x30, 0xf4, 0xf8, 0x29, 0xa9, 0x83, 0x37, 0x04, 0xf8, 0x83, 0xc7,
  0x07, 0x00, 0x3e, 0x87, 0x93, 0x07, 0x60, 0x04, 0x63, 0x18, 0xf7, 0x00,
  0x83, 0x27, 0xc4, 0xfe, 0x93, 0xe7, 0x07, 0x02, 0x23, 0x26, 0xf4, 0xfe,
  0x83, 0x37, 0x84, 0xf7, 0x13, 0x87, 0x87, 0x00, 0x23, 0x3c, 0xe4, 0xf6,
  0x9c, 0x23, 0x83, 0x26, 0xc4, 0xfe, 0x83, 0x27, 0x84, 0xfe, 0x03, 0x27,
  0x44, 0xfe, 0x36, 0x88, 0x53, 0x85, 0xf7, 0x22, 0x83, 0x36, 0x84, 0xf8,
  0x03, 0x36, 0x84, 0xfd, 0x83, 0x35, 0x04, 0xf9, 0x03, 0x35, 0x84, 0xf9,
  0xef, 0xe0, 0xff, 0xca, 0x23, 0x3c, 0xa4, 0xfc, 0x83, 0x37, 0x04, 0xf8,
  0x85, 0x07, 0x23, 0x30, 0xf4, 0xf8, 0x65, 0xae, 0x83, 0x37, 0x04, 0xf8,
  0x83, 0xc7, 0x07, 0x00, 0x3e, 0x87, 0x93, 0x07, 0x70, 0x06, 0x63, 0x0b,
  0xf7, 0x00, 0x83, 0x37, 0x04, 0xf8, 0x83, 0xc7, 0x07, 0x00, 0x3e, 0x87,
  0x93, 0x07, 0x70, 0x04, 0x63, 0x1b, 0xf7, 0x00, 0x83, 0x27, 0xc4, 0xfe,
  0x3e, 0x87, 0x85, 0x67, 0x93, 0x87, 0x07, 0x80, 0xd9, 0x8f, 0x23, 0x26,
  0xf4, 0xfe, 0x83, 0x37, 0x04, 0xf8, 0x83, 0xc7, 0x07, 0x00, 0x3e, 0x87,
  0x93, 0x07, 0x50, 0x04, 0x63, 0x0b, 0xf7, 0x00, 0x83, 0x37, 0x04, 0xf8,
  0x83, 0xc7, 0x07, 0x00, 0x3e, 0x87, 0x93, 0x07, 0x70, 0x04, 0x63, 0x18,
  0xf7, 0x00, 0x83, 0x27, 0xc4, 0xfe, 0x93, 0xe7, 0x07, 0x02, 0x23, 0x26,
  0xf4, 0xfe, 0x83, 0x37, 0x84, 0xf7, 0x13, 0x87, 0x87, 0x00, 0x23, 0x3c,
  0xe4, 0xf6, 0x9c, 0x23, 0x83, 0x26, 0xc4, 0xfe, 0x83, 0x27, 0x84, 0xfe,
  0x03, 0x27, 0x44, 0xfe, 0x36, 0x88, 0x53, 0x85, 0xf7, 0x22, 0x83, 0x36,
  0x84, 0xf8, 0x03, 0x36, 0x84, 0xfd, 0x83, 0x35, 0x04, 0xf9, 0x03, 0x35,
  0x84, 0xf9, 0xef, 0xf0, 0x4f, 0x9b, 0x23, 0x3c, 0xa4, 0xfc, 0x83, 0x37,
  0x04, 0xf8, 0x85, 0x07, 0x23, 0x30, 0xf4, 0xf8, 0x39, 0xa6, 0x85, 0x47,
  0x23, 0x24, 0xf4, 0xfc, 0x83, 0x27, 0xc4, 0xfe, 0x89, 0x8b, 0x81, 0x27,
  0x8d, 0xef, 0x0d, 0xa0, 0x83, 0x37, 0x84, 0xfd, 0x13, 0x87, 0x17, 0x00,
  0x23, 0x3c, 0xe4, 0xfc, 0x03, 0x37, 0x84, 0xf9, 0x83, 0x36, 0x84, 0xf8,
  0x3e, 0x86, 0x83, 0x35, 0x04, 0xf9, 0x13, 0x05, 0x00, 0x02, 0x02, 0x97,
  0x83, 0x27, 0x84, 0xfc, 0x1b, 0x87, 0x17, 0x00, 0x23, 0x24, 0xe4, 0xfc,
  0x03, 0x27, 0x84, 0xfe, 0x01, 0x27, 0xe3, 0xe7, 0xe7, 0xfc, 0x83, 0x37,
  0x84, 0xf7, 0x13, 0x87, 0x87, 0x00, 0x23, 0x3c, 0xe4, 0xf6, 0x9c, 0x43,
  0x13, 0xf5, 0xf7, 0x0f, 0x83, 0x37, 0x84, 0xfd, 0x13, 0x87, 0x17, 0x00,
  0x23, 0x3c, 0xe4, 0xfc, 0x03, 0x37, 0x84, 0xf9, 0x83, 0x36, 0x84, 0xf8,
  0x3e, 0x86, 0x83, 0x35, 0x04, 0xf9, 0x02, 0x97, 0x83, 0x27, 0xc4, 0xfe,
  0x89, 0x8b, 0x81, 0x27, 0x8d, 0xcf, 0x0d, 0xa0, 0x83, 0x37, 0x84, 0xfd,
  0x13, 0x87, 0x17, 0x00, 0x23, 0x3c, 0xe4, 0xfc, 0x03, 0x37, 0x84, 0xf9,
  0x83, 0x36, 0x84, 0xf8, 0x3e, 0x86, 0x83, 0x35, 0x04, 0xf9, 0x13, 0x05,
  0x00, 0x02, 0x02, 0x97, 0x83, 0x27, 0x84, 0xfc, 0x1b, 0x87, 0x17, 0x00,
  0x23, 0x24, 0xe4, 0xfc, 0x03, 0x27, 0x84, 0xfe, 0x01, 0x27, 0xe3, 0xe7,
  0xe7, 0xfc, 0x83, 0x37, 0x04, 0xf8, 0x85, 0x07, 0x23, 0x30, 0xf4, 0xf8,
  0xa9, 0xa4, 0x83, 0x37, 0x84, 0xf7, 0x13, 0x87, 0x87, 0x00, 0x23, 0x3c,
  0xe4, 0xf6, 0x9c, 0x63, 0x23, 0x30, 0xf4, 0xfc, 0x83, 0x27, 0x44, 0xfe,
  0x81, 0x27, 0x81, 0xc7, 0x83, 0x67, 0x44, 0xfe, 0x11, 0xa0, 0xfd, 0x57,
  0xbe, 0x85, 0x03, 0x35, 0x04, 0xfc, 0xef, 0xe0, 0x8f, 0xc2, 0xaa, 0x87,
  0x23, 0x2e, 0xf4, 0xfa, 0x83, 0x27, 0xc4, 0xfe, 0x93, 0xf7, 0x07, 0x40,
  0x81, 0x27, 0x99, 0xcf, 0x83, 0x27, 0xc4, 0xfb, 0x3e, 0x86, 0x83, 0x27,
  0x44, 0xfe, 0x9b, 0x86, 0x07, 0x00, 0x1b, 0x07, 0x06, 0x00, 0x63, 0x73,
  0xd7, 0x00, 0xb2, 0x87, 0x23, 0x2e, 0xf4, 0xfa, 0x83, 0x27, 0xc4, 0xfe,
  0x89, 0x8b, 0x81, 0x27, 0xa5, 0xe7, 0x0d, 0xa0, 0x83, 0x37, 0x84, 0xfd,
  0x13, 0x87, 0x17, 0x00, 0x23, 0x3c, 0xe4, 0xfc, 0x03, 0x37, 0x84, 0xf9,
  0x83, 0x36, 0x84, 0xf8, 0x3e, 0x86, 0x83, 0x35, 0x04, 0xf9, 0x13, 0x05,
  0x00, 0x02, 0x02, 0x97, 0x83, 0x27, 0xc4, 0xfb, 0x1b, 0x87, 0x17, 0x00,
  0x23, 0x2e, 0xe4, 0xfa, 0x03, 0x27, 0x84, 0xfe, 0x01, 0x27, 0xe3, 0xe7,
  0xe7, 0xfc, 0x3d, 0xa0, 0x83, 0x37, 0x04, 0xfc, 0x13, 0x87, 0x17, 0x00,
  0x23, 0x30, 0xe4, 0xfc, 0x03, 0xc5, 0x07, 0x00, 0x83, 0x37, 0x84, 0xfd,
  0x13, 0x87, 0x17, 0x00, 0x23, 0x3c, 0xe4, 0xfc, 0x03, 0x37, 0x84, 0xf9,
  0x83, 0x36, 0x84, 0xf8, 0x3e, 0x86, 0x83, 0x35, 0x04, 0xf9, 0x02, 0x97,
  0x83, 0x37, 0x04, 0xfc, 0x83, 0xc7, 0x07, 0x00, 0x91, 0xcf, 0x83, 0x27,
  0xc4, 0xfe, 0x93, 0xf7, 0x07, 0x40, 0x81, 0x27, 0xe1, 0xd3, 0x83, 0x27,
  0x44, 0xfe, 0x1b, 0x87, 0xf7, 0xff, 0x23, 0x22, 0xe4, 0xfe, 0xcd, 0xfb,
  0x83, 0x27, 0xc4, 0xfe, 0x89, 0x8b, 0x81, 0x27, 0x8d, 0xcf, 0x0d, 0xa0,
  0x83, 0x37, 0x84, 0xfd, 0x13, 0x87, 0x17, 0x00, 0x23, 0x3c, 0xe4, 0xfc,
  0x03, 0x37, 0x84, 0xf9, 0x83, 0x36, 0x84, 0xf8, 0x3e, 0x86, 0x83, 0x35,
  0x04, 0xf9, 0x13, 0x05, 0x00, 0x02, 0x02, 0x97, 0x83, 0x27, 0xc4, 0xfb,
  0x1b, 0x87, 0x17, 0x00, 0x23, 0x2e, 0xe4, 0xfa, 0x03, 0x27, 0x84, 0xfe,
  0x01, 0x27, 0xe3, 0xe7, 0xe7, 0xfc, 0x83, 0x37, 0x04, 0xf8, 0x85, 0x07,
  0x23, 0x30, 0xf4, 0xf8, 0x39, 0xa2, 0xc1, 0x47, 0x23, 0x24, 0xf4, 0xfe,
  0x83, 0x27, 0xc4, 0xfe, 0x93, 0xe7, 0x17, 0x02, 0x23, 0x26, 0xf4, 0xfe,
  0x85, 0x47, 0xa3, 0x09, 0xf4, 0xfa, 0x83, 0x47, 0x34, 0xfb, 0x93, 0xf7,
  0xf7, 0x0f, 0xb1, 0xc3, 0x83, 0x37, 0x84, 0xf7, 0x13, 0x87, 0x87, 0x00,
  0x23, 0x3c, 0xe4, 0xf6, 0x9c, 0x63, 0xbe, 0x86, 0x03, 0x27, 0x44, 0xfe,
  0x83, 0x27, 0xc4, 0xfe, 0x3e, 0xe4, 0x83, 0x27, 0x84, 0xfe, 0x3e, 0xe0,
  0xba, 0x88, 0x41, 0x48, 0x81, 0x47, 0x36, 0x87, 0x83, 0x36, 0x84, 0xf8,
  0x03, 0x36, 0x84, 0xfd, 0x83, 0x35, 0x04, 0xf9, 0x03, 0x35, 0x84, 0xf9,
  0xef, 0xe0, 0x1f, 0x88, 0x23, 0x3c, 0xa4, 0xfc, 0x89, 0xa0, 0x83, 0x37,
  0x84, 0xf7, 0x13, 0x87, 0x87, 0x00, 0x23, 0x3c, 0xe4, 0xf6, 0x9c, 0x63,
  0xbe, 0x86, 0x03, 0x27, 0x44, 0xfe, 0x83, 0x27, 0xc4, 0xfe, 0x3e, 0xe4,
  0x83, 0x27, 0x84, 0xfe, 0x3e, 0xe0, 0xba, 0x88, 0x41, 0x48, 0x81, 0x47,
  0x36, 0x87, 0x83, 0x36, 0x84, 0xf8, 0x03, 0x36, 0x84, 0xfd, 0x83, 0x35,
  0x04, 0xf9, 0x03, 0x35, 0x84, 0xf9, 0xef, 0xe0, 0x8f, 0xf2, 0x23, 0x3c,
  0xa4, 0xfc, 0x83, 0x37, 0x04, 0xf8, 0x85, 0x07, 0x23, 0x30, 0xf4, 0xf8,
  0xb9, 0xa8, 0x83, 0x37, 0x84, 0xfd, 0x13, 0x87, 0x17, 0x00, 0x23, 0x3c,
  0xe4, 0xfc, 0x03, 0x37, 0x84, 0xf9, 0x83, 0x36, 0x84, 0xf8, 0x3e, 0x86,
  0x83, 0x35, 0x04, 0xf9, 0x13, 0x05, 0x50, 0x02, 0x02, 0x97, 0x83, 0x37,
  0x04, 0xf8, 0x85, 0x07, 0x23, 0x30, 0xf4, 0xf8, 0x0d, 0xa8, 0x83, 0x37,
  0x04, 0xf8, 0x03, 0xc5, 0x07, 0x00, 0x83, 0x37, 0x84, 0xfd, 0x13, 0x87,
  0x17, 0x00, 0x23, 0x3c, 0xe4, 0xfc, 0x03, 0x37, 0x84, 0xf9, 0x83, 0x36,
  0x84, 0xf8, 0x3e, 0x86, 0x83, 0x35, 0x04, 0xf9, 0x02, 0x97, 0x83, 0x37,
  0x04, 0xf8, 0x85, 0x07, 0x23, 0x30, 0xf4, 0xf8, 0x01, 0x00, 0x83, 0x37,
  0x04, 0xf8, 0x83, 0xc7, 0x07, 0x00, 0x63, 0x9a, 0x07, 0xb8, 0x03, 0x37,
  0x84, 0xfd, 0x83, 0x37, 0x84, 0xf8, 0x63, 0x66, 0xf7, 0x00, 0x83, 0x37,
  0x84, 0xf8, 0xfd, 0x17, 0x19, 0xa0, 0x83, 0x37, 0x84, 0xfd, 0x03, 0x37,
  0x84, 0xf9, 0x83, 0x36, 0x84, 0xf8, 0x3e, 0x86, 0x83, 0x35, 0x04, 0xf9,
  0x01, 0x45, 0x02, 0x97, 0x83, 0x37, 0x84, 0xfd, 0x81, 0x27, 0x3e, 0x85,
  0xea, 0x60, 0x4a, 0x64, 0x0d, 0x61, 0x82, 0x80, 0x19, 0x71, 0x06, 0xfc,
  0x22, 0xf8, 0x80, 0x00, 0x23, 0x34, 0xa4, 0xfc, 0x0c, 0xe4, 0x10, 0xe8,
  0x14, 0xec, 0x18, 0xf0, 0x1c, 0xf4, 0x23, 0x38, 0x04, 0x03, 0x23, 0x3c,
  0x14, 0x03, 0x93, 0x07, 0x04, 0x04, 0x23, 0x30, 0xf4, 0xfc, 0x83, 0x37,
  0x04, 0xfc, 0x93, 0x87, 0x87, 0xfc, 0x23, 0x30, 0xf4, 0xfe, 0x03, 0x37,
  0x04, 0xfe, 0x93, 0x07, 0x84, 0xfd, 0x83, 0x36, 0x84, 0xfc, 0x7d, 0x56,
  0xbe, 0x85, 0x17, 0xe5, 0xff, 0xff, 0x13, 0x05, 0x45, 0x10, 0xef, 0xf0,
  0x4f, 0xad, 0xaa, 0x87, 0x23, 0x26, 0xf4, 0xfe, 0x83, 0x27, 0xc4, 0xfe,
  0x3e, 0x85, 0xe2, 0x70, 0x42, 0x74, 0x09, 0x61, 0x82, 0x80, 0x59, 0x71,
  0x06, 0xfc, 0x22, 0xf8, 0x80, 0x00, 0x23, 0x3c, 0xa4, 0xfc, 0x23, 0x38,
  0xb4, 0xfc, 0x10, 0xe0, 0x14, 0xe4, 0x18, 0xe8, 0x1c, 0xec, 0x23, 0x30,
  0x04, 0x03, 0x23, 0x34, 0x14, 0x03, 0x93, 0x07, 0x04, 0x03, 0x23, 0x34,
  0xf4, 0xfc, 0x83, 0x37, 0x84, 0xfc, 0x93, 0x87, 0x07, 0xfd, 0x23, 0x30,
  0xf4, 0xfe, 0x83, 0x37, 0x04, 0xfe, 0x3e, 0x87, 0x83, 0x36, 0x04, 0xfd,
  0x7d, 0x56, 0x83, 0x35, 0x84, 0xfd, 0x17, 0xe5, 0xff, 0xff, 0x13, 0x05,
  0xa5, 0x03, 0xef, 0xf0, 0x0f, 0xa7, 0xaa, 0x87, 0x23, 0x26, 0xf4, 0xfe,
  0x83, 0x27, 0xc4, 0xfe, 0x3e, 0x85, 0xe2, 0x70, 0x42, 0x74, 0x65, 0x61,
  0x82, 0x80, 0x59, 0x71, 0x06, 0xfc, 0x22, 0xf8, 0x80, 0x00, 0x23, 0x3c,
  0xa4, 0xfc, 0x23, 0x38, 0xb4, 0xfc, 0x23, 0x34, 0xc4, 0xfc, 0x14, 0xe4,
  0x18, 0xe8, 0x1c, 0xec, 0x23, 0x30, 0x04, 0x03, 0x23, 0x34, 0x14, 0x03,
  0x93, 0x07, 0x04, 0x03, 0x23, 0x30, 0xf4, 0xfc, 0x83, 0x37, 0x04, 0xfc,
  0x93, 0x87, 0x87, 0xfd, 0x23, 0x30, 0xf4, 0xfe, 0x83, 0x37, 0x04, 0xfe,
  0x3e, 0x87, 0x83, 0x36, 0x84, 0xfc, 0x03, 0x36, 0x04, 0xfd, 0x83, 0x35,
  0x84, 0xfd, 0x17, 0xe5, 0xff, 0xff, 0x13, 0x05, 0x25, 0xfd, 0xef, 0xf0,
  0x8f, 0xa0, 0xaa, 0x87, 0x23, 0x26, 0xf4, 0xfe, 0x83, 0x27, 0xc4, 0xfe,
  0x3e, 0x85, 0xe2, 0x70, 0x42, 0x74, 0x65, 0x61, 0x82, 0x80, 0x79, 0x71,
  0x06, 0xf4, 0x22, 0xf0, 0x00, 0x18, 0x23, 0x3c, 0xa4, 0xfc, 0x23, 0x38,
  0xb4, 0xfc, 0x93, 0x07, 0x84, 0xfe, 0x03, 0x37, 0x04, 0xfd, 0x83, 0x36,
  0x84, 0xfd, 0x7d, 0x56, 0xbe, 0x85, 0x17, 0xe5, 0xff, 0xff, 0x13, 0x05,
  0x85, 0xff, 0xef, 0xf0, 0x8f, 0x9c, 0xaa, 0x87, 0x3e, 0x85, 0xa2, 0x70,
  0x02, 0x74, 0x45, 0x61, 0x82, 0x80, 0x79, 0x71, 0x06, 0xf4, 0x22, 0xf0,
  0x00, 0x18, 0x23, 0x34, 0xa4, 0xfe, 0x23, 0x30, 0xb4, 0xfe, 0x23, 0x3c,
  0xc4, 0xfc, 0x23, 0x38, 0xd4, 0xfc, 0x03, 0x37, 0x04, 0xfd, 0x83, 0x36,
  0x84, 0xfd, 0x03, 0x36, 0x04, 0xfe, 0x83, 0x35, 0x84, 0xfe, 0x17, 0xe5,
  0xff, 0xff, 0x13, 0x05, 0x25, 0xf5, 0xef, 0xf0, 0x8f, 0x98, 0xaa, 0x87,
  0x3e, 0x85, 0xa2, 0x70, 0x02, 0x74, 0x45, 0x61, 0x82, 0x80, 0x19, 0x71,
  0x86, 0xe4, 0xa2, 0xe0, 0x80, 0x08, 0x23, 0x34, 0xa4, 0xfc, 0x23, 0x30,
  0xb4, 0xfc, 0x23, 0x3c, 0xc4, 0xfa, 0x14, 0xe4, 0x18, 0xe8, 0x1c, 0xec,
  0x23, 0x30, 0x04, 0x03, 0x23, 0x34, 0x14, 0x03, 0x93, 0x07, 0x04, 0x03,
  0x23, 0x38, 0xf4, 0xfa, 0x83, 0x37, 0x04, 0xfb, 0x93, 0x87, 0x87, 0xfd,
  0x23, 0x30, 0xf4, 0xfe, 0x83, 0x37, 0x84, 0xfc, 0x23, 0x38, 0xf4, 0xfc,
  0x83, 0x37, 0x04, 0xfc, 0x23, 0x3c, 0xf4, 0xfc, 0x03, 0x37, 0x04, 0xfe,
  0x93, 0x07, 0x04, 0xfd, 0x83, 0x36, 0x84, 0xfb, 0x7d, 0x56, 0xbe, 0x85,
  0x17, 0xe5, 0xff, 0xff, 0x13, 0x05, 0x25, 0xf8, 0xef, 0xf0, 0xaf, 0x91,
  0xaa, 0x87, 0x23, 0x26, 0xf4, 0xfe, 0x83, 0x27, 0xc4, 0xfe, 0x3e, 0x85,
  0xa6, 0x60, 0x06, 0x64, 0x09, 0x61, 0x82, 0x80, 0x01, 0x11, 0x06, 0xec,
  0x22, 0xe8, 0x00, 0x10, 0x23, 0x34, 0xa4, 0xfe, 0xae, 0x87, 0x23, 0x22,
  0xf4, 0xfe, 0x83, 0x37, 0x84, 0xfe, 0x13, 0x07, 0x10, 0x1a, 0x98, 0xcf,
  0x83, 0x37, 0x84, 0xfe, 0x05, 0x47, 0x98, 0xc7, 0x83, 0x37, 0x84, 0xfe,
  0x05, 0x47, 0xd8, 0xc7, 0x01, 0x00, 0xe2, 0x60, 0x42, 0x64, 0x05, 0x61,
  0x82, 0x80, 0x01, 0x11, 0x06, 0xec, 0x22, 0xe8, 0x00, 0x10, 0x23, 0x34,
  0xa4, 0xfe, 0xae, 0x87, 0xa3, 0x03, 0xf4, 0xfe, 0x83, 0x47, 0x74, 0xfe,
  0x1b, 0x87, 0x07, 0x00, 0x83, 0x37, 0x84, 0xfe, 0x98, 0xc3, 0x01, 0x00,
  0xe2, 0x60, 0x42, 0x64, 0x05, 0x61, 0x82, 0x80, 0x01, 0x11, 0x06, 0xec,
  0x22, 0xe8, 0x00, 0x10, 0x23, 0x34, 0xa4, 0xfe, 0x19, 0xa8, 0x83, 0x37,
  0x84, 0xfe, 0xfd, 0x17, 0x83, 0xc7, 0x07, 0x00, 0xbe, 0x85, 0x37, 0x05,
  0x00, 0x10, 0xef, 0xf0, 0x9f, 0xfb, 0x83, 0x37, 0x84, 0xfe, 0x13, 0x87,
  0x17, 0x00, 0x23, 0x34, 0xe4, 0xfe, 0x83, 0xc7, 0x07, 0x00, 0xf1, 0xff,
  0x81, 0x47, 0x3e, 0x85, 0xe2, 0x60, 0x42, 0x64, 0x05, 0x61, 0x82, 0x80,
  0x41, 0x11, 0x06, 0xe4, 0x22, 0xe0, 0x00, 0x08, 0x17, 0x35, 0x00, 0x00,
  0x13, 0x05, 0x45, 0x71, 0xef, 0xf0, 0x1f, 0xfb, 0xef, 0x30, 0xc0, 0x55,
  0x01, 0xa0, 0x01, 0x00, 0x39, 0x71, 0x06, 0xfc, 0x22, 0xf8, 0x80, 0x00,
  0x23, 0x3c, 0xa4, 0xfc, 0x23, 0x38, 0xb4, 0xfc, 0xb2, 0x87, 0x23, 0x17,
  0xf4, 0xfc, 0x83, 0x37, 0x84, 0xfd, 0x23, 0x9c, 0x07, 0x00, 0x83, 0x37,
  0x84, 0xfd, 0x23, 0x9d, 0x07, 0x00, 0x83, 0x37, 0x84, 0xfd, 0x23, 0xb0,
  0x07, 0x00, 0x83, 0x37, 0x84, 0xfd, 0x03, 0xc7, 0x07, 0x0b, 0x13, 0x67,
  0x17, 0x00, 0x23, 0x88, 0xe7, 0x0a, 0x83, 0x37, 0x84, 0xfd, 0x03, 0x37,
  0x04, 0xfd, 0x98, 0xf3, 0x83, 0x57, 0xe4, 0xfc, 0x13, 0x97, 0x07, 0x02,
  0x01, 0x93, 0x97, 0x47, 0x00, 0x00, 0x93, 0x87, 0xe7, 0xaa, 0x9c, 0x63,
  0xb3, 0x07, 0xf7, 0x02, 0x81, 0x93, 0x9b, 0xd7, 0x27, 0x00, 0x13, 0x97,
  0x07, 0x03, 0x41, 0x93, 0x83, 0x37, 0x84, 0xfd, 0x23, 0x94, 0xe7, 0x06,
  0x83, 0x37, 0x84, 0xfd, 0x23, 0x9e, 0x07, 0x08, 0x83, 0x37, 0x84, 0xfd,
  0x23, 0x9c, 0x07, 0x08, 0x83, 0x37, 0x84, 0xfd, 0x23, 0x9d, 0x07, 0x08,
  0x23, 0x17, 0x04, 0xfe, 0xa9, 0xa0, 0x83, 0x37, 0x84, 0xfd, 0x83, 0xd7,
  0x87, 0x06, 0x1b, 0x87, 0x07, 0x00, 0x83, 0x17, 0xe4, 0xfe, 0x81, 0x27,
  0x85, 0x27, 0x81, 0x27, 0xbb, 0x07, 0xf7, 0x02, 0x81, 0x27, 0xbe, 0x86,
  0x83, 0x17, 0xe4, 0xfe, 0x81, 0x27, 0x03, 0x37, 0x04, 0xfd, 0x36, 0x97,
  0x83, 0x36, 0x84, 0xfd, 0xb9, 0x07, 0x8e, 0x07, 0xb6, 0x97, 0x98, 0xe3,
  0x83, 0x17, 0xe4, 0xfe, 0xc2, 0x17, 0xc1, 0x93, 0x85, 0x27, 0xc2, 0x17,
  0xc1, 0x93, 0x23, 0x17, 0xf4, 0xfe, 0x83, 0x17, 0xe4, 0xfe, 0x1b, 0x87,
  0x07, 0x00, 0x91, 0x47, 0xe3, 0xd7, 0xe7, 0xfa, 0x83, 0x37, 0x84, 0xfd,
  0x13, 0x87, 0x01, 0x62, 0xd8, 0xf3, 0x17, 0x67, 0x00, 0x00, 0x13, 0x07,
  0xe7, 0x75, 0x93, 0x87, 0x01, 0x62, 0xb3, 0x07, 0xf7, 0x40, 0x95, 0x83,
  0x13, 0x97, 0x07, 0x03, 0x41, 0x93, 0x83, 0x37, 0x84, 0xfd, 0x23, 0x94,
  0xe7, 0x0a, 0x03, 0x35, 0x84, 0xfd, 0xef, 0x00, 0xe0, 0x03, 0x83, 0x37,
  0x84, 0xfd, 0xdc, 0x73, 0x81, 0x46, 0x3e, 0x86, 0x97, 0x45, 0x00, 0x00,
  0x93, 0x85, 0x45, 0x8d, 0x03, 0x35, 0x84, 0xfd, 0xef, 0x10, 0x40, 0x56,
  0xaa, 0x87, 0xbe, 0x85, 0x03, 0x35, 0x84, 0xfd, 0xef, 0x10, 0xf0, 0x45,
  0x85, 0x45, 0x03, 0x35, 0x84, 0xfd, 0xef, 0x00, 0x20, 0x2b, 0x01, 0x00,
  0xe2, 0x70, 0x42, 0x74, 0x21, 0x61, 0x82, 0x80, 0x79, 0x71, 0x06, 0xf4,
  0x22, 0xf0, 0x00, 0x18, 0x23, 0x3c, 0xa4, 0xfc, 0x23, 0x17, 0x04, 0xfe,
  0x35, 0xa8, 0x83, 0x17, 0xe4, 0xfe, 0x81, 0x27, 0x13, 0x87, 0x81, 0x30,
  0x8e, 0x07, 0xba, 0x97, 0x9c, 0x63, 0x81, 0xef, 0x83, 0x17, 0xe4, 0xfe,
  0x81, 0x27, 0x13, 0x87, 0x81, 0x30, 0x8e, 0x07, 0xba, 0x97, 0x03, 0x37,
  0x84, 0xfd, 0x98, 0xe3, 0x0d, 0xa0, 0x83, 0x17, 0xe4, 0xfe, 0xc2, 0x17,
  0xc1, 0x93, 0x85, 0x27, 0xc2, 0x17, 0xc1, 0x93, 0x23, 0x17, 0xf4, 0xfe,
  0x83, 0x17, 0xe4, 0xfe, 0x1b, 0x87, 0x07, 0x00, 0x91, 0x47, 0xe3, 0xde,
  0xe7, 0xfa, 0xa2, 0x70, 0x02, 0x74, 0x45, 0x61, 0x82, 0x80, 0x79, 0x71,
  0x06, 0xf4, 0x22, 0xf0, 0x00, 0x18, 0x23, 0x3c, 0xa4, 0xfc, 0x23, 0x17,
  0x04, 0xfe, 0x81, 0xa0, 0x83, 0x17, 0xe4, 0xfe, 0x81, 0x27, 0x13, 0x87,
  0x81, 0x30, 0x8e, 0x07, 0xba, 0x97, 0x9c, 0x63, 0x03, 0x37, 0x84, 0xfd,
  0x63, 0x1c, 0xf7, 0x00, 0x83, 0x17, 0xe4, 0xfe, 0x81, 0x27, 0x13, 0x87,
  0x81, 0x30, 0x8e, 0x07, 0xba, 0x97, 0x23, 0xb0, 0x07, 0x00, 0x0d, 0xa0,
  0x83, 0x17, 0xe4, 0xfe, 0xc2, 0x17, 0xc1, 0x93, 0x85, 0x27, 0xc2, 0x17,
  0xc1, 0x93, 0x23, 0x17, 0xf4, 0xfe, 0x83, 0x17, 0xe4, 0xfe, 0x1b, 0x87,
  0x07, 0x00, 0x91, 0x47, 0xe3, 0xdc, 0xe7, 0xfa, 0xa2, 0x70, 0x02, 0x74,
  0x45, 0x61, 0x82, 0x80, 0x01, 0x11, 0x06, 0xec, 0x22, 0xe8, 0x00, 0x10,
  0x23, 0x17, 0x04, 0xfe, 0x91, 0xa8, 0x83, 0x17, 0xe4, 0xfe, 0x81, 0x27,
  0x13, 0x87, 0x81, 0x30, 0x8e, 0x07, 0xba, 0x97, 0x9c, 0x63, 0x85, 0xcb,
  0x83, 0x17, 0xe4, 0xfe, 0x81, 0x27, 0x13, 0x87, 0x81, 0x30, 0x8e, 0x07,
  0xba, 0x97, 0x9c, 0x63, 0x83, 0xc7, 0x07, 0x0b, 0x89, 0x8b, 0x93, 0xf7,
  0xf7, 0x0f, 0x91, 0xcb, 0x83, 0x17, 0xe4, 0xfe, 0x81, 0x27, 0x13, 0x87,
  0x81, 0x30, 0x8e, 0x07, 0xba, 0x97, 0x9c, 0x63, 0x15, 0xa0, 0x83, 0x17,
  0xe4, 0xfe, 0xc2, 0x17, 0xc1, 0x93, 0x85, 0x27, 0xc2, 0x17, 0xc1, 0x93,
  0x23, 0x17, 0xf4, 0xfe, 0x83, 0x17, 0xe4, 0xfe, 0x1b, 0x87, 0x07, 0x00,
  0x91, 0x47, 0xe3, 0xd2, 0xe7, 0xfa, 0x81, 0x47, 0x3e, 0x85, 0xe2, 0x60,
  0x42, 0x64, 0x05, 0x61, 0x82, 0x80, 0x01, 0x11, 0x06, 0xec, 0x22, 0xe8,
  0x00, 0x10, 0x23, 0x34, 0xa4, 0xfe, 0xae, 0x87, 0xa3, 0x03, 0xf4, 0xfe,
  0x83, 0x37, 0x84, 0xfe, 0xfc, 0x63, 0x13, 0x07, 0x74, 0xfe, 0x85, 0x45,
  0x3a, 0x85, 0x82, 0x97, 0x01, 0x00, 0xe2, 0x60, 0x42, 0x64, 0x05, 0x61,
  0x82, 0x80, 0x79, 0x71, 0x06, 0xf4, 0x22, 0xf0, 0x00, 0x18, 0x23, 0x3c,
  0xa4, 0xfc, 0x23, 0x38, 0xb4, 0xfc, 0x23, 0x17, 0x04, 0xfe, 0x83, 0x37,
  0x04, 0xfd, 0x23, 0x30, 0xf4, 0xfe, 0x83, 0x37, 0x84, 0xfd, 0xfc, 0x63,
  0x81, 0xeb, 0x81, 0x47, 0x1d, 0xa8, 0x83, 0x57, 0xe4, 0xfe, 0x85, 0x27,
  0x23, 0x17, 0xf4, 0xfe, 0x83, 0x37, 0x04, 0xfe, 0x13, 0x87, 0x17, 0x00,
  0x23, 0x30, 0xe4, 0xfe, 0x83, 0xc7, 0x07, 0x00, 0xfd, 0xf3, 0x83, 0x37,
  0x84, 0xfd, 0xfc, 0x63, 0x03, 0x57, 0xe4, 0xfe, 0xba, 0x85, 0x03, 0x35,
  0x04, 0xfd, 0x82, 0x97, 0xaa, 0x87, 0xc2, 0x17, 0xc1, 0x93, 0x3e, 0x85,
  0xa2, 0x70, 0x02, 0x74, 0x45, 0x61, 0x82, 0x80, 0x79, 0x71, 0x06, 0xf4,
  0x22, 0xf0, 0x00, 0x18, 0x23, 0x3c, 0xa4, 0xfc, 0x23, 0x38, 0xb4, 0xfc,
  0x23, 0x17, 0x04, 0xfe, 0x83, 0x37, 0x04, 0xfd, 0x23, 0x30, 0xf4, 0xfe,
  0x83, 0x37, 0x84, 0xfd, 0xfc, 0x63, 0x89, 0xef, 0x81, 0x47, 0x45, 0xa0,
  0x83, 0x37, 0x04, 0xfe, 0x85, 0x07, 0x23, 0x30, 0xf4, 0xfe, 0x83, 0x57,
  0xe4, 0xfe, 0x85, 0x27, 0x23, 0x17, 0xf4, 0xfe, 0x83, 0x37, 0x04, 0xfe,
  0x83, 0xc7, 0x07, 0x00, 0x8d, 0xc3, 0x83, 0x37, 0x04, 0xfe, 0x83, 0xc7,
  0x07, 0x00, 0x3e, 0x87, 0xb5, 0x47, 0x63, 0x0a, 0xf7, 0x00, 0x83, 0x37,
  0x04, 0xfe, 0x83, 0xc7, 0x07, 0x00, 0x3e, 0x87, 0xa9, 0x47, 0xe3, 0x13,
  0xf7, 0xfc, 0x83, 0x57, 0xe4, 0xfe, 0x1b, 0x87, 0x07, 0x00, 0x93, 0x07,
  0x40, 0x02, 0x63, 0xf4, 0xe7, 0x02, 0x83, 0x37, 0x84, 0xfd, 0xfc, 0x63,
  0x93, 0x05, 0x40, 0x02, 0x03, 0x35, 0x04, 0xfd, 0x82, 0x97, 0x83, 0x37,
  0x84, 0xfd, 0xfc, 0x63, 0x8d, 0x45, 0x17, 0x35, 0x00, 0x00, 0x13, 0x05,
  0xa5, 0x64, 0x82, 0x97, 0x11, 0xa8, 0x83, 0x37, 0x84, 0xfd, 0xfc, 0x63,
  0x03, 0x57, 0xe4, 0xfe, 0xba, 0x85, 0x03, 0x35, 0x04, 0xfd, 0x82, 0x97,
  0x83, 0x57, 0xe4, 0xfe, 0x1b, 0x87, 0x07, 0x00, 0x93, 0x07, 0x40, 0x02,
  0x63, 0xf5, 0xe7, 0x00, 0x93, 0x07, 0x40, 0x02, 0x19, 0xa0, 0x93, 0x07,
  0x70, 0x02, 0x3e, 0x85, 0xa2, 0x70, 0x02, 0x74, 0x45, 0x61, 0x82, 0x80,
  0x01, 0x11, 0x06, 0xec, 0x22, 0xe8, 0x00, 0x10, 0x23, 0x34, 0xa4, 0xfe,
  0xae, 0x87, 0xa3, 0x03, 0xf4, 0xfe, 0x83, 0x37, 0x84, 0xfe, 0x83, 0xc7,
  0x07, 0x0b, 0x85, 0x8b, 0x93, 0xf7, 0xf7, 0x0f, 0xad, 0xcb, 0x83, 0x47,
  0x74, 0xfe, 0x93, 0xf7, 0xf7, 0x0f, 0x89, 0xcb, 0x97, 0x35, 0x00, 0x00,
  0x93, 0x85, 0x45, 0x5e, 0x03, 0x35, 0x84, 0xfe, 0xef, 0xf0, 0x3f, 0xe9,
  0x83, 0x37, 0x84, 0xfe, 0x9c, 0x63, 0x9c, 0x67, 0xbe, 0x85, 0x03, 0x35,
  0x84, 0xfe, 0xef, 0xf0, 0x1f, 0xe8, 0x97, 0x35, 0x00, 0x00, 0x93, 0x85,
  0xa5, 0x5c, 0x03, 0x35, 0x84, 0xfe, 0xef, 0xf0, 0x1f, 0xe7, 0x83, 0x37,
  0x84, 0xfe, 0x9c, 0x6b, 0x89, 0xc7, 0x83, 0x37, 0x84, 0xfe, 0x9c, 0x6b,
  0x29, 0xa0, 0x97, 0x37, 0x00, 0x00, 0x93, 0x87, 0x27, 0x5b, 0xbe, 0x85,
  0x03, 0x35, 0x84, 0xfe, 0xef, 0xf0, 0xff, 0xe4, 0x97, 0x35, 0x00, 0x00,
  0x93, 0x85, 0x85, 0x5a, 0x03, 0x35, 0x84, 0xfe, 0xef, 0xf0, 0xff, 0xe3,
  0x09, 0xa8, 0x93, 0x87, 0x81, 0x09, 0xbc, 0x73, 0xbe, 0x85, 0x03, 0x35,
  0x84, 0xfe, 0xef, 0xf0, 0xdf, 0xe2, 0x01, 0x00, 0xe2, 0x60, 0x42, 0x64,
  0x05, 0x61, 0x82, 0x80, 0x51, 0x71, 0x06, 0xfd, 0x22, 0xf9, 0x80, 0x01,
  0x23, 0x3c, 0xa4, 0xf4, 0x23, 0x38, 0xb4, 0xf4, 0x10, 0xe0, 0x14, 0xe4,
  0x18, 0xe8, 0x1c, 0xec, 0x23, 0x30, 0x04, 0x03, 0x23, 0x34, 0x14, 0x03,
  0x83, 0x37, 0x84, 0xf5, 0x95, 0xcf, 0x93, 0x07, 0x04, 0x03, 0x23, 0x34,
  0xf4, 0xf4, 0x83, 0x37, 0x84, 0xf4, 0x93, 0x87, 0x07, 0xfd, 0x23, 0x34,
  0xf4, 0xf6, 0x03, 0x37, 0x84, 0xf6, 0x93, 0x07, 0x04, 0xf7, 0xba, 0x86,
  0x03, 0x36, 0x04, 0xf5, 0x93, 0x05, 0xf0, 0x07, 0x3e, 0x85, 0xef, 0x30,
  0xe0, 0x0b, 0x93, 0x07, 0x04, 0xf7, 0xbe, 0x85, 0x03, 0x35, 0x84, 0xf5,
  0xef, 0xf0, 0x3f, 0xdc, 0xea, 0x70, 0x4a, 0x74, 0x6d, 0x61, 0x82, 0x80,
  0x01, 0x11, 0x06, 0xec, 0x22, 0xe8, 0x00, 0x10, 0x23, 0x34, 0xa4, 0xfe,
  0x23, 0x30, 0xb4, 0xfe, 0x83, 0x37, 0x04, 0xfe, 0x83, 0xc7, 0x07, 0x00,
  0x9d, 0xcb, 0x83, 0x37, 0x04, 0xfe, 0x9c, 0x43, 0x3e, 0x87, 0x85, 0x67,
  0x93, 0x87, 0x07, 0xf0, 0xf9, 0x8f, 0x81, 0x27, 0x9b, 0x87, 0x07, 0x80,
  0x81, 0x27, 0x91, 0xcf, 0x83, 0x37, 0x04, 0xfe, 0x03, 0xc7, 0x07, 0x00,
  0x83, 0x37, 0x84, 0xfe, 0x9c, 0x63, 0x83, 0xc7, 0x07, 0x00, 0xf9, 0x8f,
  0x93, 0xf7, 0xf7, 0x0f, 0x9d, 0xc3, 0x83, 0x37, 0x84, 0xfe, 0x83, 0xc7,
  0x07, 0x0b, 0x85, 0x8b, 0x93, 0xf7, 0xf7, 0x0f, 0x89, 0xeb, 0x83, 0x37,
  0x04, 0xfe, 0x9c, 0x43, 0x3e, 0x87, 0x85, 0x67, 0xf9, 0x8f, 0x81, 0x27,
  0x99, 0xc3, 0x81, 0x47, 0x11, 0xa0, 0xfd, 0x57, 0x3e, 0x85, 0xe2, 0x60,
  0x42, 0x64, 0x05, 0x61, 0x82, 0x80, 0x79, 0x71, 0x06, 0xf4, 0x22, 0xf0,
  0x00, 0x18, 0xaa, 0x87, 0x23, 0x38, 0xb4, 0xfc, 0x23, 0x2e, 0xf4, 0xfc,
  0xa1, 0x47, 0xa3, 0x07, 0xf4, 0xfe, 0x83, 0x37, 0x04, 0xfd, 0xa1, 0x07,
  0x23, 0x80, 0x07, 0x00, 0xb1, 0xa8, 0x83, 0x27, 0xc4, 0xfd, 0x93, 0xf7,
  0xf7, 0x0f, 0xbd, 0x8b, 0x23, 0x07, 0xf4, 0xfe, 0x83, 0x47, 0xe4, 0xfe,
  0x13, 0xf7, 0xf7, 0x0f, 0xa5, 0x47, 0x63, 0xf9, 0xe7, 0x00, 0x83, 0x47,
  0xe4, 0xfe, 0x9b, 0x87, 0x77, 0x05, 0x93, 0xf7, 0xf7, 0x0f, 0x39, 0xa0,
  0x83, 0x47, 0xe4, 0xfe, 0x9b, 0x87, 0x07, 0x03, 0x93, 0xf7, 0xf7, 0x0f,
  0x03, 0x47, 0xf4, 0xfe, 0x7d, 0x37, 0xa3, 0x07, 0xe4, 0xfe, 0x03, 0x47,
  0xf4, 0xfe, 0x83, 0x36, 0x04, 0xfd, 0x36, 0x97, 0x23, 0x00, 0xf7, 0x00,
  0x83, 0x27, 0xc4, 0xfd, 0x9b, 0xd7, 0x47, 0x00, 0x23, 0x2e, 0xf4, 0xfc,
  0x83, 0x27, 0xc4, 0xfd, 0x81, 0x27, 0xc5, 0xf3, 0x83, 0x47, 0xf4, 0xfe,
  0x3e, 0x87, 0xa1, 0x47, 0x99, 0x9f, 0x93, 0xf7, 0xf7, 0x0f, 0x9b, 0x97,
  0x87, 0x01, 0x9b, 0xd7, 0x87, 0x41, 0x3e, 0x85, 0xa2, 0x70, 0x02, 0x74,
  0x45, 0x61, 0x82, 0x80, 0x79, 0x71, 0x06, 0xf4, 0x22, 0xf0, 0x00, 0x18,
  0xaa, 0x87, 0x23, 0x38, 0xb4, 0xfc, 0x23, 0x2e, 0xf4, 0xfc, 0xad, 0x47,
  0xa3, 0x07, 0xf4, 0xfe, 0x83, 0x27, 0xc4, 0xfd, 0x23, 0x24, 0xf4, 0xfe,
  0x83, 0x27, 0xc4, 0xfd, 0x81, 0x27, 0x63, 0xd8, 0x07, 0x00, 0x83, 0x27,
  0xc4, 0xfd, 0xbb, 0x07, 0xf0, 0x40, 0x23, 0x24, 0xf4, 0xfe, 0x83, 0x37,
  0x04, 0xfd, 0xad, 0x07, 0x23, 0x80, 0x07, 0x00, 0x69, 0xa0, 0x83, 0x27,
  0x84, 0xfe, 0x3e, 0x87, 0x9b, 0x06, 0x07, 0x00, 0xb7, 0x67, 0x66, 0x66,
  0x93, 0x87, 0x77, 0x66, 0xb3, 0x87, 0xf6, 0x02, 0x81, 0x93, 0x9b, 0xd7,
  0x27, 0x40, 0xbe, 0x86, 0x9b, 0x57, 0xf7, 0x41, 0xbb, 0x87, 0xf6, 0x40,
  0xbe, 0x86, 0xb6, 0x87, 0x9b, 0x97, 0x27, 0x00, 0xb5, 0x9f, 0x9b, 0x97,
  0x17, 0x00, 0xbb, 0x07, 0xf7, 0x40, 0x81, 0x27, 0x13, 0xf7, 0xf7, 0x0f,
  0x83, 0x47, 0xf4, 0xfe, 0xfd, 0x37, 0xa3, 0x07, 0xf4, 0xfe, 0x83, 0x47,
  0xf4, 0xfe, 0x83, 0x36, 0x04, 0xfd, 0xb6, 0x97, 0x1b, 0x07, 0x07, 0x03,
  0x13, 0x77, 0xf7, 0x0f, 0x23, 0x80, 0xe7, 0x00, 0x83, 0x27, 0x84, 0xfe,
  0xbe, 0x86, 0x1b, 0x87, 0x06, 0x00, 0xb7, 0x67, 0x66, 0x66, 0x93, 0x87,
  0x77, 0x66, 0xb3, 0x07, 0xf7, 0x02, 0x81, 0x93, 0x9b, 0xd7, 0x27, 0x40,
  0x3e, 0x87, 0x9b, 0xd7, 0xf6, 0x41, 0xbb, 0x07, 0xf7, 0x40, 0x23, 0x24,
  0xf4, 0xfe, 0x83, 0x27, 0x84, 0xfe, 0x81, 0x27, 0xad, 0xfb, 0x83, 0x27,
  0xc4, 0xfd, 0x81, 0x27, 0x63, 0xd0, 0x07, 0x02, 0x83, 0x47, 0xf4, 0xfe,
  0xfd, 0x37, 0xa3, 0x07, 0xf4, 0xfe, 0x83, 0x47, 0xf4, 0xfe, 0x03, 0x37,
  0x04, 0xfd, 0xba, 0x97, 0x13, 0x07, 0xd0, 0x02, 0x23, 0x80, 0xe7, 0x00,
  0x83, 0x27, 0xc4, 0xfd, 0x81, 0x27, 0x99, 0xef, 0x83, 0x47, 0xf4, 0xfe,
  0xfd, 0x37, 0xa3, 0x07, 0xf4, 0xfe, 0x83, 0x47, 0xf4, 0xfe, 0x03, 0x37,
  0x04, 0xfd, 0xba, 0x97, 0x13, 0x07, 0x00, 0x03, 0x23, 0x80, 0xe7, 0x00,
  0x83, 0x47, 0xf4, 0xfe, 0x3e, 0x87, 0xad, 0x47, 0x99, 0x9f, 0x93, 0xf7,
  0xf7, 0x0f, 0x9b, 0x97, 0x87, 0x01, 0x9b, 0xd7, 0x87, 0x41, 0x3e, 0x85,
  0xa2, 0x70, 0x02, 0x74, 0x45, 0x61, 0x82, 0x80, 0x79, 0x71, 0x06, 0xf4,
  0x22, 0xf0, 0x00, 0x18, 0x23, 0x3c, 0xa4, 0xfc, 0x23, 0x38, 0xb4, 0xfc,
  0x23, 0x17, 0x04, 0xfe, 0x25, 0xa0, 0x83, 0x57, 0xe4, 0xfe, 0x03, 0x37,
  0x04, 0xfd, 0x3e, 0x97, 0x83, 0x57, 0xe4, 0xfe, 0x83, 0x36, 0x84, 0xfd,
  0xb6, 0x97, 0x03, 0x47, 0x07, 0x00, 0x23, 0x80, 0xe7, 0x00, 0x83, 0x57,
  0xe4, 0xfe, 0x85, 0x27, 0x23, 0x17, 0xf4, 0xfe, 0x83, 0x57, 0xe4, 0xfe,
  0x03, 0x37, 0x04, 0xfd, 0xba, 0x97, 0x83, 0xc7, 0x07, 0x00, 0xf1, 0xf7,
  0x83, 0x57, 0xe4, 0xfe, 0x03, 0x37, 0x84, 0xfd, 0xba, 0x97, 0x23, 0x80,
  0x07, 0x00, 0x83, 0x57, 0xe4, 0xfe, 0x3e, 0x85, 0xa2, 0x70, 0x02, 0x74,
  0x45, 0x61, 0x82, 0x80, 0x79, 0x71, 0x06, 0xf4, 0x22, 0xf0, 0x00, 0x18,
  0x23, 0x3c, 0xa4, 0xfc, 0x23, 0x38, 0xb4, 0xfc, 0x23, 0x17, 0x04, 0xfe,
  0x23, 0x16, 0x04, 0xfe, 0x25, 0xa8, 0x83, 0x57, 0xc4, 0xfe, 0x03, 0x37,
  0x84, 0xfd, 0xba, 0x97, 0x83, 0xc6, 0x07, 0x00, 0x83, 0x57, 0xc4, 0xfe,
  0x03, 0x37, 0x04, 0xfd, 0xba, 0x97, 0x83, 0xc7, 0x07, 0x00, 0x36, 0x87,
  0x63, 0x1d, 0xf7, 0x02, 0x83, 0x57, 0xe4, 0xfe, 0x85, 0x27, 0x23, 0x17,
  0xf4, 0xfe, 0x83, 0x57, 0xc4, 0xfe, 0x85, 0x27, 0x23, 0x16, 0xf4, 0xfe,
  0x83, 0x57, 0xc4, 0xfe, 0x03, 0x37, 0x84, 0xfd, 0xba, 0x97, 0x83, 0xc7,
  0x07, 0x00, 0x99, 0xcb, 0x83, 0x57, 0xc4, 0xfe, 0x03, 0x37, 0x04, 0xfd,
  0xba, 0x97, 0x83, 0xc7, 0x07, 0x00, 0xd5, 0xf7, 0x11, 0xa0, 0x01, 0x00,
  0x83, 0x57, 0xe4, 0xfe, 0x3e, 0x85, 0xa2, 0x70, 0x02, 0x74, 0x45, 0x61,
  0x82, 0x80, 0x79, 0x71, 0x06, 0xf4, 0x22, 0xf0, 0x00, 0x18, 0x23, 0x3c,
  0xa4, 0xfc, 0xa3, 0x07, 0x04, 0xfe, 0x05, 0xa0, 0x83, 0x47, 0xf4, 0xfe,
  0x81, 0x27, 0x13, 0x87, 0x01, 0x33, 0xba, 0x97, 0x13, 0x07, 0x00, 0x03,
  0x23, 0x80, 0xe7, 0x00, 0x83, 0x47, 0xf4, 0xfe, 0x85, 0x27, 0xa3, 0x07,
  0xf4, 0xfe, 0x83, 0x47, 0xf4, 0xfe, 0x13, 0xf7, 0xf7, 0x0f, 0xa1, 0x47,
  0xe3, 0xfc, 0xe7, 0xfc, 0x83, 0x37, 0x84, 0xfd, 0x9c, 0x63, 0xa1, 0x83,
  0xbd, 0x8b, 0x93, 0xf7, 0xf7, 0x0f, 0x3e, 0x87, 0x85, 0x47, 0x63, 0xe6,
  0xe7, 0x00, 0x83, 0x37, 0x84, 0xfd, 0x9c, 0x67, 0x89, 0xa8, 0x83, 0x37,
  0x84, 0xfd, 0x9c, 0x63, 0xa1, 0x83, 0xbd, 0x8b, 0x93, 0xf7, 0xf7, 0x0f,
  0x3e, 0x87, 0x9d, 0x47, 0x63, 0xe6, 0xe7, 0x00, 0x83, 0x37, 0x84, 0xfd,
  0x9c, 0x67, 0x15, 0xa8, 0x83, 0x37, 0x84, 0xfd, 0x9c, 0x63, 0xa1, 0x83,
  0xbd, 0x8b, 0x93, 0xf7, 0xf7, 0x0f, 0x3e, 0x87, 0xa1, 0x47, 0x63, 0xe6,
  0xe7, 0x00, 0x83, 0x37, 0x84, 0xfd, 0x9c, 0x67, 0x19, 0xa8, 0x83, 0x37,
  0x84, 0xfd, 0x9c, 0x47, 0x93, 0x85, 0x01, 0x33, 0x3e, 0x85, 0xef, 0xf0,
  0x1f, 0xc9, 0x93, 0x87, 0x01, 0x33, 0x3e, 0x85, 0xa2, 0x70, 0x02, 0x74,
  0x45, 0x61, 0x82, 0x80, 0x01, 0x11, 0x06, 0xec, 0x22, 0xe8, 0x00, 0x10,
  0x23, 0x34, 0xa4, 0xfe, 0x83, 0x37, 0x84, 0xfe, 0x9c, 0x63, 0xa1, 0x83,
  0xbd, 0x8b, 0x93, 0xf7, 0xf7, 0x0f, 0x3e, 0x87, 0x85, 0x47, 0x63, 0xe6,
  0xe7, 0x00, 0x83, 0x37, 0x84, 0xfe, 0x9c, 0x6f, 0x91, 0xa0, 0x83, 0x37,
  0x84, 0xfe, 0x9c, 0x63, 0xa1, 0x83, 0xbd, 0x8b, 0x93, 0xf7, 0xf7, 0x0f,
  0x3e, 0x87, 0x9d, 0x47, 0x63, 0xe6, 0xe7, 0x00, 0x83, 0x37, 0x84, 0xfe,
  0x9c, 0x6f, 0x1d, 0xa0, 0x83, 0x37, 0x84, 0xfe, 0x9c, 0x63, 0xa1, 0x83,
  0xbd, 0x8b, 0x93, 0xf7, 0xf7, 0x0f, 0x3e, 0x87, 0xa1, 0x47, 0x63, 0xe6,
  0xe7, 0x00, 0x83, 0x37, 0x84, 0xfe, 0x9c, 0x6f, 0x21, 0xa0, 0x83, 0x37,
  0x84, 0xfe, 0x9c, 0x6f, 0x3e, 0x85, 0xe2, 0x60, 0x42, 0x64, 0x05, 0x61,
  0x82, 0x80, 0x79, 0x71, 0x06, 0xf4, 0x22, 0xf0, 0x00, 0x18, 0x23, 0x3c,
  0xa4, 0xfc, 0x23, 0x38, 0xb4, 0xfc, 0x03, 0x35, 0x04, 0xfd, 0xef, 0xf0,
  0x1f, 0xec, 0xaa, 0x87, 0xbe, 0x85, 0x03, 0x35, 0x84, 0xfd, 0xef, 0xf0,
  0x1f, 0x92, 0xaa, 0x87, 0x3e, 0x87, 0xd9, 0x47, 0x99, 0x9f, 0xc2, 0x17,
  0xc1, 0x93, 0x23, 0x17, 0xf4, 0xfe, 0x83, 0x17, 0xe4, 0xfe, 0x81, 0x27,
  0x63, 0x45, 0xf0, 0x00, 0x91, 0x47, 0x23, 0x17, 0xf4, 0xfe, 0x93, 0x05,
  0x00, 0x02, 0x03, 0x35, 0x84, 0xfd, 0xef, 0xf0, 0x9f, 0x8c, 0x83, 0x57,
  0xe4, 0xfe, 0xfd, 0x37, 0xc2, 0x17, 0xc1, 0x93, 0x23, 0x17, 0xf4, 0xfe,
  0x83, 0x17, 0xe4, 0xfe, 0x81, 0x27, 0xe5, 0xf3, 0x83, 0x37, 0x04, 0xfd,
  0x9c, 0x63, 0xa1, 0x83, 0xbd, 0x8b, 0x93, 0xf7, 0xf7, 0x0f, 0x3e, 0x87,
  0x85, 0x47, 0x63, 0xeb, 0xe7, 0x00, 0x93, 0x87, 0x81, 0x09, 0xdc, 0x63,
  0xbe, 0x85, 0x03, 0x35, 0x84, 0xfd, 0xef, 0xf0, 0x9f, 0x8b, 0x69, 0xa0,
  0x83, 0x37, 0x04, 0xfd, 0x9c, 0x63, 0xa1, 0x83, 0xbd, 0x8b, 0x93, 0xf7,
  0xf7, 0x0f, 0x3e, 0x87, 0x9d, 0x47, 0x63, 0xeb, 0xe7, 0x00, 0x93, 0x87,
  0x81, 0x09, 0xdc, 0x67, 0xbe, 0x85, 0x03, 0x35, 0x84, 0xfd, 0xef, 0xf0,
  0x1f, 0x89, 0x8d, 0xa0, 0x83, 0x37, 0x04, 0xfd, 0x9c, 0x63, 0xa1, 0x83,
  0xbd, 0x8b, 0x93, 0xf7, 0xf7, 0x0f, 0x3e, 0x87, 0xa1, 0x47, 0x63, 0xeb,
  0xe7, 0x00, 0x93, 0x87, 0x81, 0x09, 0xdc, 0x6b, 0xbe, 0x85, 0x03, 0x35,
  0x84, 0xfd, 0xef, 0xf0, 0x9f, 0x86, 0x2d, 0xa8, 0x83, 0x37, 0x04, 0xfd,
  0x9c, 0x63, 0xa1, 0x83, 0xbd, 0x8b, 0x93, 0xf7, 0xf7, 0x0f, 0x3e, 0x87,
  0xa5, 0x47, 0x63, 0xeb, 0xe7, 0x00, 0x93, 0x87, 0x81, 0x09, 0xdc, 0x6f,
  0xbe, 0x85, 0x03, 0x35, 0x84, 0xfd, 0xef, 0xf0, 0x1f, 0x84, 0x09, 0xa8,
  0x93, 0x87, 0x81, 0x09, 0xdc, 0x73, 0xbe, 0x85, 0x03, 0x35, 0x84, 0xfd,
  0xef, 0xf0, 0xff, 0x82, 0x97, 0x35, 0x00, 0x00, 0x93, 0x85, 0x05, 0xf9,
  0x03, 0x35, 0x84, 0xfd, 0xef, 0xf0, 0xff, 0x81, 0x9d, 0x47, 0xa3, 0x06,
  0xf4, 0xfe, 0x99, 0xa0, 0x83, 0x37, 0x04, 0xfd, 0x83, 0xc7, 0x07, 0x00,
  0x1b, 0x87, 0x07, 0x00, 0x83, 0x07, 0xd4, 0xfe, 0x81, 0x27, 0xbb, 0x57,
  0xf7, 0x40, 0x81, 0x27, 0x85, 0x8b, 0x81, 0x27, 0x81, 0xc7, 0x93, 0x07,
  0x80, 0x07, 0x19, 0xa0, 0x93, 0x07, 0xd0, 0x02, 0xbe, 0x85, 0x03, 0x35,
  0x84, 0xfd, 0xef, 0xf0, 0x8f, 0xfb, 0x83, 0x07, 0xd4, 0xfe, 0x93, 0xf7,
  0xf7, 0x0f, 0xfd, 0x37, 0x93, 0xf7, 0xf7, 0x0f, 0xa3, 0x06, 0xf4, 0xfe,
  0x83, 0x47, 0xd4, 0xfe, 0x9b, 0x97, 0x87, 0x01, 0x9b, 0xd7, 0x87, 0x41,
  0xe3, 0xd8, 0x07, 0xfa, 0x97, 0x35, 0x00, 0x00, 0x93, 0x85, 0x45, 0xf2,
  0x03, 0x35, 0x84, 0xfd, 0xef, 0xf0, 0x2f, 0xfb, 0x03, 0x35, 0x04, 0xfd,
  0xef, 0xf0, 0x5f, 0xdf, 0xaa, 0x87, 0xbe, 0x85, 0x03, 0x35, 0x84, 0xfd,
  0xef, 0xf0, 0x5f, 0x80, 0x97, 0x35, 0x00, 0x00, 0x93, 0x85, 0x05, 0xee,
  0x03, 0x35, 0x84, 0xfd, 0xef, 0xf0, 0xef, 0xf8, 0x01, 0x00, 0xa2, 0x70,
  0x02, 0x74, 0x45, 0x61, 0x82, 0x80, 0x79, 0x71, 0x06, 0xf4, 0x22, 0xf0,
  0x00, 0x18, 0x23, 0x3c, 0xa4, 0xfc, 0x83, 0x37, 0x84, 0xfd, 0xdc, 0x73,
  0x23, 0x30, 0xf4, 0xfe, 0x93, 0x87, 0x81, 0x09, 0x9c, 0x6b, 0xbe, 0x85,
  0x03, 0x35, 0x84, 0xfd, 0xef, 0xf0, 0xef, 0xf5, 0x23, 0x17, 0x04, 0xfe,
  0x8d, 0xa0, 0x83, 0x17, 0xe4, 0xfe, 0x96, 0x07, 0x03, 0x37, 0x04, 0xfe,
  0xba, 0x97, 0x9c, 0x63, 0xa1, 0x83, 0xbd, 0x8b, 0x93, 0xf7, 0xf7, 0x0f,
  0x3e, 0x87, 0x85, 0x47, 0x63, 0xea, 0xe7, 0x02, 0x83, 0x17, 0xe4, 0xfe,
  0x96, 0x07, 0x03, 0x37, 0x04, 0xfe, 0xba, 0x97, 0xbe, 0x85, 0x03, 0x35,
  0x84, 0xfd, 0xef, 0xf0, 0xff, 0x96, 0xaa, 0x87, 0x81, 0xef, 0x83, 0x17,
  0xe4, 0xfe, 0x96, 0x07, 0x03, 0x37, 0x04, 0xfe, 0xba, 0x97, 0xbe, 0x85,
  0x03, 0x35, 0x84, 0xfd, 0xef, 0xf0, 0xbf, 0xdc, 0x83, 0x17, 0xe4, 0xfe,
  0xc2, 0x17, 0xc1, 0x93, 0x85, 0x27, 0xc2, 0x17, 0xc1, 0x93, 0x23, 0x17,
  0xf4, 0xfe, 0x83, 0x17, 0xe4, 0xfe, 0x1b, 0x87, 0x07, 0x00, 0x83, 0x37,
  0x84, 0xfd, 0x83, 0xd7, 0x87, 0x0a, 0x81, 0x27, 0xe3, 0x47, 0xf7, 0xf8,
  0x01, 0x00, 0x01, 0x00, 0xa2, 0x70, 0x02, 0x74, 0x45, 0x61, 0x82, 0x80,
  0x79, 0x71, 0x06, 0xf4, 0x22, 0xf0, 0x00, 0x18, 0x23, 0x3c, 0xa4, 0xfc,
  0x83, 0x37, 0x84, 0xfd, 0xdc, 0x73, 0x23, 0x30, 0xf4, 0xfe, 0x93, 0x87,
  0x81, 0x09, 0x9c, 0x6f, 0xbe, 0x85, 0x03, 0x35, 0x84, 0xfd, 0xef, 0xf0,
  0x0f, 0xeb, 0x23, 0x17, 0x04, 0xfe, 0x41, 0xa0, 0x83, 0x17, 0xe4, 0xfe,
  0x96, 0x07, 0x03, 0x37, 0x04, 0xfe, 0xba, 0x97, 0x9c, 0x63, 0xa1, 0x83,
  0xbd, 0x8b, 0x93, 0xf7, 0xf7, 0x0f, 0x3e, 0x87, 0x85, 0x47, 0x63, 0xf9,
  0xe7, 0x04, 0x83, 0x17, 0xe4, 0xfe, 0x96, 0x07, 0x03, 0x37, 0x04, 0xfe,
  0xba, 0x97, 0x9c, 0x63, 0xa1, 0x83, 0xbd, 0x8b, 0x93, 0xf7, 0xf7, 0x0f,
  0x3e, 0x87, 0x9d, 0x47, 0x63, 0xea, 0xe7, 0x02, 0x83, 0x17, 0xe4, 0xfe,
  0x96, 0x07, 0x03, 0x37, 0x04, 0xfe, 0xba, 0x97, 0xbe, 0x85, 0x03, 0x35,
  0x84, 0xfd, 0xef, 0xf0, 0x3f, 0x8a, 0xaa, 0x87, 0x81, 0xef, 0x83, 0x17,
  0xe4, 0xfe, 0x96, 0x07, 0x03, 0x37, 0x04, 0xfe, 0xba, 0x97, 0xbe, 0x85,
  0x03, 0x35, 0x84, 0xfd, 0xef, 0xf0, 0xff, 0xcf, 0x83, 0x17, 0xe4, 0xfe,
  0xc2, 0x17, 0xc1, 0x93, 0x85, 0x27, 0xc2, 0x17, 0xc1, 0x93, 0x23, 0x17,
  0xf4, 0xfe, 0x83, 0x17, 0xe4, 0xfe, 0x1b, 0x87, 0x07, 0x00, 0x83, 0x37,
  0x84, 0xfd, 0x83, 0xd7, 0x87, 0x0a, 0x81, 0x27, 0xe3, 0x48, 0xf7, 0xf6,
  0x01, 0x00, 0x01, 0x00, 0xa2, 0x70, 0x02, 0x74, 0x45, 0x61, 0x82, 0x80,
  0x79, 0x71, 0x06, 0xf4, 0x22, 0xf0, 0x00, 0x18, 0x23, 0x3c, 0xa4, 0xfc,
  0x83, 0x37, 0x84, 0xfd, 0xdc, 0x73, 0x23, 0x30, 0xf4, 0xfe, 0x93, 0x87,
  0x81, 0x09, 0x9c, 0x73, 0xbe, 0x85, 0x03, 0x35, 0x84, 0xfd, 0xef, 0xf0,
  0x4f, 0xde, 0x23, 0x17, 0x04, 0xfe, 0x41, 0xa0, 0x83, 0x17, 0xe4, 0xfe,
  0x96, 0x07, 0x03, 0x37, 0x04, 0xfe, 0xba, 0x97, 0x9c, 0x63, 0xa1, 0x83,
  0xbd, 0x8b, 0x93, 0xf7, 0xf7, 0x0f, 0x3e, 0x87, 0x9d, 0x47, 0x63, 0xf9,
  0xe7, 0x04, 0x83, 0x17, 0xe4, 0xfe, 0x96, 0x07, 0x03, 0x37, 0x04, 0xfe,
  0xba, 0x97, 0x9c, 0x63, 0xa1, 0x83, 0xbd, 0x8b, 0x93, 0xf7, 0xf7, 0x0f,
  0x3e, 0x87, 0xa1, 0x47, 0x63, 0xea, 0xe7, 0x02, 0x83, 0x17, 0xe4, 0xfe,
  0x96, 0x07, 0x03, 0x37, 0x04, 0xfe, 0xba, 0x97, 0xbe, 0x85, 0x03, 0x35,
  0x84, 0xfd, 0xef, 0xf0, 0x6f, 0xfd, 0xaa, 0x87, 0x81, 0xef, 0x83, 0x17,
  0xe4, 0xfe, 0x96, 0x07, 0x03, 0x37, 0x04, 0xfe, 0xba, 0x97, 0xbe, 0x85,
  0x03, 0x35, 0x84, 0xfd, 0xef, 0xf0, 0x3f, 0xc3, 0x83, 0x17, 0xe4, 0xfe,
  0xc2, 0x17, 0xc1, 0x93, 0x85, 0x27, 0xc2, 0x17, 0xc1, 0x93, 0x23, 0x17,
  0xf4, 0xfe, 0x83, 0x17, 0xe4, 0xfe, 0x1b, 0x87, 0x07, 0x00, 0x83, 0x37,
  0x84, 0xfd, 0x83, 0xd7, 0x87, 0x0a, 0x81, 0x27, 0xe3, 0x48, 0xf7, 0xf6,
  0x01, 0x00, 0x01, 0x00, 0xa2, 0x70, 0x02, 0x74, 0x45, 0x61, 0x82, 0x80,
  0x79, 0x71, 0x06, 0xf4, 0x22, 0xf0, 0x00, 0x18, 0x23, 0x3c, 0xa4, 0xfc,
  0x83, 0x37, 0x84, 0xfd, 0xdc, 0x73, 0x23, 0x30, 0xf4, 0xfe, 0x93, 0x87,
  0x81, 0x09, 0x9c, 0x77, 0xbe, 0x85, 0x03, 0x35, 0x84, 0xfd, 0xef, 0xf0,
  0x8f, 0xd1, 0x23, 0x17, 0x04, 0xfe, 0x41, 0xa0, 0x83, 0x17, 0xe4, 0xfe,
  0x96, 0x07, 0x03, 0x37, 0x04, 0xfe, 0xba, 0x97, 0x9c, 0x63, 0xa1, 0x83,
  0xbd, 0x8b, 0x93, 0xf7, 0xf7, 0x0f, 0x3e, 0x87, 0xa1, 0x47, 0x63, 0xf9,
  0xe7, 0x04, 0x83, 0x17, 0xe4, 0xfe, 0x96, 0x07, 0x03, 0x37, 0x04, 0xfe,
  0xba, 0x97, 0x9c, 0x63, 0xa1, 0x83, 0xbd, 0x8b, 0x93, 0xf7, 0xf7, 0x0f,
  0x3e, 0x87, 0xa5, 0x47, 0x63, 0xea, 0xe7, 0x02, 0x83, 0x17, 0xe4, 0xfe,
  0x96, 0x07, 0x03, 0x37, 0x04, 0xfe, 0xba, 0x97, 0xbe, 0x85, 0x03, 0x35,
  0x84, 0xfd, 0xef, 0xf0, 0xaf, 0xf0, 0xaa, 0x87, 0x81, 0xef, 0x83, 0x17,
  0xe4, 0xfe, 0x96, 0x07, 0x03, 0x37, 0x04, 0xfe, 0xba, 0x97, 0xbe, 0x85,
  0x03, 0x35, 0x84, 0xfd, 0xef, 0xf0, 0x7f, 0xb6, 0x83, 0x17, 0xe4, 0xfe,
  0xc2, 0x17, 0xc1, 0x93, 0x85, 0x27, 0xc2, 0x17, 0xc1, 0x93, 0x23, 0x17,
  0xf4, 0xfe, 0x83, 0x17, 0xe4, 0xfe, 0x1b, 0x87, 0x07, 0x00, 0x83, 0x37,
  0x84, 0xfd, 0x83, 0xd7, 0x87, 0x0a, 0x81, 0x27, 0xe3, 0x48, 0xf7, 0xf6,
  0x01, 0x00, 0x01, 0x00, 0xa2, 0x70, 0x02, 0x74, 0x45, 0x61, 0x82, 0x80,
  0x01, 0x11, 0x06, 0xec, 0x22, 0xe8, 0x00, 0x10, 0x23, 0x34, 0xa4, 0xfe,
  0x03, 0x35, 0x84, 0xfe, 0xef, 0xf0, 0xff, 0xcd, 0x01, 0x00, 0xe2, 0x60,
  0x42, 0x64, 0x05, 0x61, 0x82, 0x80, 0x01, 0x11, 0x06, 0xec, 0x22, 0xe8,
  0x00, 0x10, 0x23, 0x34, 0xa4, 0xfe, 0xae, 0x87, 0xa3, 0x03, 0xf4, 0xfe,
  0x09, 0xa8, 0x97, 0x35, 0x00, 0x00, 0x93, 0x85, 0xa5, 0xba, 0x03, 0x35,
  0x84, 0xfe, 0xef, 0xf0, 0x0f, 0xc3, 0x83, 0x47, 0x74, 0xfe, 0x1b, 0x87,
  0xf7, 0xff, 0xa3, 0x03, 0xe4, 0xfe, 0xf5, 0xf3, 0x01, 0x00, 0x01, 0x00,
  0xe2, 0x60, 0x42, 0x64, 0x05, 0x61, 0x82, 0x80, 0x79, 0x71, 0x06, 0xf4,
  0x22, 0xf0, 0x00, 0x18, 0x23, 0x3c, 0xa4, 0xfc, 0x83, 0x37, 0x84, 0xfd,
  0x03, 0xd7, 0x87, 0x01, 0x83, 0x37, 0x84, 0xfd, 0x83, 0xd7, 0xa7, 0x01,
  0xbb, 0x07, 0xf7, 0x40, 0xc2, 0x17, 0xc1, 0x93, 0x23, 0x17, 0xf4, 0xfe,
  0x05, 0xa0, 0x93, 0x05, 0x00, 0x02, 0x03, 0x35, 0x84, 0xfd, 0xef, 0xf0,
  0x4f, 0xbb, 0x83, 0x17, 0xe4, 0xfe, 0xc2, 0x17, 0xc1, 0x93, 0xfd, 0x37,
  0xc2, 0x17, 0xc1, 0x93, 0x23, 0x17, 0xf4, 0xfe, 0x83, 0x17, 0xe4, 0xfe,
  0x81, 0x27, 0xe3, 0x4e, 0xf0, 0xfc, 0x83, 0x37, 0x84, 0xfd, 0x83, 0xd7,
  0x87, 0x01, 0x93, 0xf7, 0xf7, 0x0f, 0xbe, 0x85, 0x03, 0x35, 0x84, 0xfd,
  0xef, 0xf0, 0xff, 0xf5, 0x01, 0x00, 0xa2, 0x70, 0x02, 0x74, 0x45, 0x61,
  0x82, 0x80, 0x79, 0x71, 0x06, 0xf4, 0x22, 0xf0, 0x00, 0x18, 0x23, 0x3c,
  0xa4, 0xfc, 0xae, 0x87, 0xa3, 0x0b, 0xf4, 0xfc, 0x83, 0x37, 0x84, 0xfd,
  0x83, 0xd7, 0x87, 0x01, 0x1b, 0x87, 0x07, 0x00, 0x83, 0x37, 0x84, 0xfd,
  0x83, 0xd7, 0x87, 0x06, 0x81, 0x27, 0xfd, 0x37, 0x81, 0x27, 0x63, 0x48,
  0xf7, 0x02, 0x93, 0x87, 0x81, 0x09, 0x9c, 0x67, 0xbe, 0x85, 0x03, 0x35,
  0x84, 0xfd, 0xef, 0xf0, 0x4f, 0xb6, 0x85, 0x45, 0x03, 0x35, 0x84, 0xfd,
  0xef, 0xf0, 0x0f, 0xc9, 0x83, 0x37, 0x84, 0xfd, 0x9c, 0x73, 0xbe, 0x85,
  0x03, 0x35, 0x84, 0xfd, 0xef, 0xf0, 0xaf, 0xb4, 0x21, 0xa4, 0x83, 0x37,
  0x84, 0xfd, 0x03, 0xd7, 0xa7, 0x01, 0x83, 0x37, 0x84, 0xfd, 0x83, 0xd7,
  0x87, 0x01, 0x01, 0x27, 0x81, 0x27, 0x63, 0x15, 0xf7, 0x06, 0x83, 0x37,
  0x84, 0xfd, 0x98, 0x73, 0x83, 0x37, 0x84, 0xfd, 0x83, 0xd7, 0x87, 0x01,
  0x9b, 0x86, 0x17, 0x00, 0x13, 0x96, 0x06, 0x03, 0x41, 0x92, 0x83, 0x36,
  0x84, 0xfd, 0x23, 0x9c, 0xc6, 0x00, 0xba, 0x97, 0x03, 0x47, 0x74, 0xfd,
  0x23, 0x80, 0xe7, 0x00, 0x83, 0x37, 0x84, 0xfd, 0x9c, 0x73, 0x03, 0x37,
  0x84, 0xfd, 0x03, 0x57, 0x87, 0x01, 0xba, 0x97, 0x23, 0x80, 0x07, 0x00,
  0x83, 0x37, 0x84, 0xfd, 0x83, 0xd7, 0xa7, 0x01, 0x85, 0x27, 0x13, 0x97,
  0x07, 0x03, 0x41, 0x93, 0x83, 0x37, 0x84, 0xfd, 0x23, 0x9d, 0xe7, 0x00,
  0x83, 0x47, 0x74, 0xfd, 0xbe, 0x85, 0x03, 0x35, 0x84, 0xfd, 0xef, 0xf0,
  0x0f, 0xaa, 0x69, 0xa2, 0x83, 0x37, 0x84, 0xfd, 0x03, 0xd7, 0xa7, 0x01,
  0x83, 0x37, 0x84, 0xfd, 0x83, 0xd7, 0x87, 0x01, 0x01, 0x27, 0x81, 0x27,
  0x63, 0x7a, 0xf7, 0x16, 0x83, 0x37, 0x84, 0xfd, 0x03, 0xd7, 0x87, 0x01,
  0x83, 0x37, 0x84, 0xfd, 0x83, 0xd7, 0xa7, 0x01, 0xbb, 0x07, 0xf7, 0x40,
  0xc2, 0x17, 0xc1, 0x93, 0x23, 0x17, 0xf4, 0xfe, 0xa9, 0xa8, 0x83, 0x37,
  0x84, 0xfd, 0x98, 0x73, 0x83, 0x37, 0x84, 0xfd, 0x83, 0xd7, 0xa7, 0x01,
  0x9b, 0x86, 0x07, 0x00, 0x83, 0x17, 0xe4, 0xfe, 0x81, 0x27, 0xb5, 0x9f,
  0x81, 0x27, 0xfd, 0x17, 0x3e, 0x97, 0x83, 0x37, 0x84, 0xfd, 0x9c, 0x73,
  0x83, 0x36, 0x84, 0xfd, 0x83, 0xd6, 0xa6, 0x01, 0x1b, 0x86, 0x06, 0x00,
  0x83, 0x16, 0xe4, 0xfe, 0x81, 0x26, 0xb1, 0x9e, 0x81, 0x26, 0xb6, 0x97,
  0x03, 0x47, 0x07, 0x00, 0x23, 0x80, 0xe7, 0x00, 0x83, 0x17, 0xe4, 0xfe,
  0xc2, 0x17, 0xc1, 0x93, 0xfd, 0x37, 0xc2, 0x17, 0xc1, 0x93, 0x23, 0x17,
  0xf4, 0xfe, 0x83, 0x17, 0xe4, 0xfe, 0x81, 0x27, 0xe3, 0x41, 0xf0, 0xfa,
  0x83, 0x37, 0x84, 0xfd, 0x98, 0x73, 0x83, 0x37, 0x84, 0xfd, 0x83, 0xd7,
  0xa7, 0x01, 0x9b, 0x86, 0x17, 0x00, 0x13, 0x96, 0x06, 0x03, 0x41, 0x92,
  0x83, 0x36, 0x84, 0xfd, 0x23, 0x9d, 0xc6, 0x00, 0xba, 0x97, 0x03, 0x47,
  0x74, 0xfd, 0x23, 0x80, 0xe7, 0x00, 0x83, 0x37, 0x84, 0xfd, 0x9c, 0x73,
  0x03, 0x37, 0x84, 0xfd, 0x03, 0x57, 0x87, 0x01, 0x05, 0x27, 0x93, 0x16,
  0x07, 0x03, 0xc1, 0x92, 0x03, 0x37, 0x84, 0xfd, 0x23, 0x1c, 0xd7, 0x00,
  0x03, 0x37, 0x84, 0xfd, 0x03, 0x57, 0x87, 0x01, 0xba, 0x97, 0x23, 0x80,
  0x07, 0x00, 0x83, 0x37, 0x84, 0xfd, 0x83, 0xd7, 0xa7, 0x01, 0xfd, 0x37,
  0xc2, 0x17, 0xc1, 0x93, 0x23, 0x16, 0xf4, 0xfe, 0x3d, 0xa0, 0x83, 0x37,
  0x84, 0xfd, 0x98, 0x73, 0x83, 0x17, 0xc4, 0xfe, 0xba, 0x97, 0x83, 0xc7,
  0x07, 0x00, 0xbe, 0x85, 0x03, 0x35, 0x84, 0xfd, 0xef, 0xf0, 0x2f, 0x98,
  0x83, 0x17, 0xc4, 0xfe, 0xc2, 0x17, 0xc1, 0x93, 0x85, 0x27, 0xc2, 0x17,
  0xc1, 0x93, 0x23, 0x16, 0xf4, 0xfe, 0x83, 0x17, 0xc4, 0xfe, 0x1b, 0x87,
  0x07, 0x00, 0x83, 0x37, 0x84, 0xfd, 0x83, 0xd7, 0x87, 0x01, 0x81, 0x27,
  0xe3, 0x41, 0xf7, 0xfc, 0x83, 0x37, 0x84, 0xfd, 0x03, 0xd7, 0x87, 0x01,
  0x83, 0x37, 0x84, 0xfd, 0x83, 0xd7, 0xa7, 0x01, 0xbb, 0x07, 0xf7, 0x40,
  0xc2, 0x17, 0xc1, 0x93, 0x23, 0x15, 0xf4, 0xfe, 0x39, 0xa8, 0xa1, 0x45,
  0x03, 0x35, 0x84, 0xfd, 0xef, 0xf0, 0x2f, 0x93, 0x83, 0x17, 0xa4, 0xfe,
  0xc2, 0x17, 0xc1, 0x93, 0xfd, 0x37, 0xc2, 0x17, 0xc1, 0x93, 0x23, 0x15,
  0xf4, 0xfe, 0x83, 0x17, 0xa4, 0xfe, 0x81, 0x27, 0xe3, 0x4f, 0xf0, 0xfc,
  0xa2, 0x70, 0x02, 0x74, 0x45, 0x61, 0x82, 0x80, 0x79, 0x71, 0x06, 0xf4,
  0x22, 0xf0, 0x00, 0x18, 0x23, 0x3c, 0xa4, 0xfc, 0xae, 0x87, 0xa3, 0x0b,
  0xf4, 0xfc, 0x83, 0x07, 0x74, 0xfd, 0x1b, 0x87, 0x07, 0x00, 0xfd, 0x57,
  0xb3, 0x07, 0xf7, 0x40, 0x93, 0xb7, 0x17, 0x00, 0x93, 0xf7, 0xf7, 0x0f,
  0xa3, 0x04, 0xf4, 0xfe, 0x83, 0x37, 0x84, 0xfd, 0x83, 0xd7, 0xa7, 0x01,
  0x81, 0xeb, 0x83, 0x47, 0x74, 0xfd, 0x13, 0xf7, 0xf7, 0x0f, 0x85, 0x47,
  0x63, 0x06, 0xf7, 0x22, 0x83, 0x37, 0x84, 0xfd, 0x03, 0xd7, 0xa7, 0x01,
  0x83, 0x37, 0x84, 0xfd, 0x83, 0xd7, 0x87, 0x01, 0x01, 0x27, 0x81, 0x27,
  0x63, 0x1a, 0xf7, 0x00, 0x83, 0x47, 0x74, 0xfd, 0x13, 0xf7, 0xf7, 0x0f,
  0x93, 0x07, 0xf0, 0x0f, 0x63, 0x02, 0xf7, 0x20, 0x83, 0x37, 0x84, 0xfd,
  0x03, 0xd7, 0xa7, 0x01, 0x83, 0x37, 0x84, 0xfd, 0x83, 0xd7, 0x87, 0x01,
  0x01, 0x27, 0x81, 0x27, 0x63, 0x11, 0xf7, 0x06, 0x83, 0x47, 0x74, 0xfd,
  0x13, 0xf7, 0xf7, 0x0f, 0x85, 0x47, 0x63, 0x1a, 0xf7, 0x04, 0x83, 0x37,
  0x84, 0xfd, 0x83, 0xd7, 0xa7, 0x01, 0xfd, 0x37, 0x13, 0x97, 0x07, 0x03,
  0x41, 0x93, 0x83, 0x37, 0x84, 0xfd, 0x23, 0x9d, 0xe7, 0x00, 0x83, 0x37,
  0x84, 0xfd, 0x83, 0xd7, 0x87, 0x01, 0xfd, 0x37, 0x13, 0x97, 0x07, 0x03,
  0x41, 0x93, 0x83, 0x37, 0x84, 0xfd, 0x23, 0x9c, 0xe7, 0x00, 0x83, 0x37,
  0x84, 0xfd, 0x9c, 0x73, 0x03, 0x37, 0x84, 0xfd, 0x03, 0x57, 0x87, 0x01,
  0xba, 0x97, 0x23, 0x80, 0x07, 0x00, 0x85, 0x45, 0x03, 0x35, 0x84, 0xfd,
  0xef, 0xf0, 0xbf, 0xc0, 0x79, 0xa2, 0x83, 0x47, 0x94, 0xfe, 0x23, 0x17,
  0xf4, 0xfe, 0xa9, 0xa8, 0x83, 0x37, 0x84, 0xfd, 0x9c, 0x73, 0x03, 0x37,
  0x84, 0xfd, 0x03, 0x57, 0xa7, 0x01, 0x9b, 0x06, 0x07, 0x00, 0x03, 0x17,
  0xe4, 0xfe, 0x01, 0x27, 0x35, 0x9f, 0x01, 0x27, 0x3e, 0x97, 0x83, 0x37,
  0x84, 0xfd, 0x94, 0x73, 0x83, 0x37, 0x84, 0xfd, 0x83, 0xd7, 0xa7, 0x01,
  0x1b, 0x86, 0x07, 0x00, 0x83, 0x17, 0xe4, 0xfe, 0x81, 0x27, 0xb1, 0x9f,
  0x81, 0x27, 0xfd, 0x17, 0xb6, 0x97, 0x03, 0x47, 0x07, 0x00, 0x23, 0x80,
  0xe7, 0x00, 0x83, 0x17, 0xe4, 0xfe, 0xc2, 0x17, 0xc1, 0x93, 0x85, 0x27,
  0xc2, 0x17, 0xc1, 0x93, 0x23, 0x17, 0xf4, 0xfe, 0x83, 0x17, 0xe4, 0xfe,
  0x1b, 0x87, 0x07, 0x00, 0x83, 0x37, 0x84, 0xfd, 0x83, 0xd7, 0x87, 0x01,
  0x9b, 0x86, 0x07, 0x00, 0x83, 0x37, 0x84, 0xfd, 0x83, 0xd7, 0xa7, 0x01,
  0x81, 0x27, 0xbb, 0x87, 0xf6, 0x40, 0x81, 0x27, 0xe3, 0x42, 0xf7, 0xf8,
  0x83, 0x37, 0x84, 0xfd, 0x83, 0xd7, 0x87, 0x01, 0xfd, 0x37, 0x13, 0x97,
  0x07, 0x03, 0x41, 0x93, 0x83, 0x37, 0x84, 0xfd, 0x23, 0x9c, 0xe7, 0x00,
  0x83, 0x47, 0x94, 0xfe, 0x93, 0xf7, 0xf7, 0x0f, 0x95, 0xe3, 0x83, 0x37,
  0x84, 0xfd, 0x83, 0xd7, 0xa7, 0x01, 0xfd, 0x37, 0x13, 0x97, 0x07, 0x03,
  0x41, 0x93, 0x83, 0x37, 0x84, 0xfd, 0x23, 0x9d, 0xe7, 0x00, 0xa1, 0x45,
  0x03, 0x35, 0x84, 0xfd, 0xef, 0xe0, 0xff, 0xf5, 0x83, 0x37, 0x84, 0xfd,
  0x9c, 0x73, 0x03, 0x37, 0x84, 0xfd, 0x03, 0x57, 0x87, 0x01, 0xba, 0x97,
  0x23, 0x80, 0x07, 0x00, 0x83, 0x37, 0x84, 0xfd, 0x83, 0xd7, 0xa7, 0x01,
  0x23, 0x16, 0xf4, 0xfe, 0x3d, 0xa0, 0x83, 0x37, 0x84, 0xfd, 0x98, 0x73,
  0x83, 0x17, 0xc4, 0xfe, 0xba, 0x97, 0x83, 0xc7, 0x07, 0x00, 0xbe, 0x85,
  0x03, 0x35, 0x84, 0xfd, 0xef, 0xe0, 0x3f, 0xf2, 0x83, 0x17, 0xc4, 0xfe,
  0xc2, 0x17, 0xc1, 0x93, 0x85, 0x27, 0xc2, 0x17, 0xc1, 0x93, 0x23, 0x16,
  0xf4, 0xfe, 0x83, 0x17, 0xc4, 0xfe, 0x1b, 0x87, 0x07, 0x00, 0x83, 0x37,
  0x84, 0xfd, 0x83, 0xd7, 0x87, 0x01, 0x81, 0x27, 0xe3, 0x41, 0xf7, 0xfc,
  0x93, 0x05, 0x00, 0x02, 0x03, 0x35, 0x84, 0xfd, 0xef, 0xe0, 0xff, 0xee,
  0x83, 0x37, 0x84, 0xfd, 0x03, 0xd7, 0x87, 0x01, 0x83, 0x37, 0x84, 0xfd,
  0x83, 0xd7, 0xa7, 0x01, 0xbb, 0x07, 0xf7, 0x40, 0xc2, 0x17, 0xc1, 0x93,
  0x85, 0x27, 0xc2, 0x17, 0xc1, 0x93, 0x23, 0x15, 0xf4, 0xfe, 0x39, 0xa8,
  0xa1, 0x45, 0x03, 0x35, 0x84, 0xfd, 0xef, 0xe0, 0x1f, 0xec, 0x83, 0x17,
  0xa4, 0xfe, 0xc2, 0x17, 0xc1, 0x93, 0xfd, 0x37, 0xc2, 0x17, 0xc1, 0x93,
  0x23, 0x15, 0xf4, 0xfe, 0x83, 0x17, 0xa4, 0xfe, 0x81, 0x27, 0xe3, 0x4f,
  0xf0, 0xfc, 0x11, 0xa0, 0x01, 0x00, 0xa2, 0x70, 0x02, 0x74, 0x45, 0x61,
  0x82, 0x80, 0x79, 0x71, 0x06, 0xf4, 0x22, 0xf0, 0x00, 0x18, 0x23, 0x3c,
  0xa4, 0xfc, 0xa3, 0x07, 0x04, 0xfe, 0x85, 0x47, 0x23, 0x07, 0xf4, 0xfe,
  0x23, 0x16, 0x04, 0xfe, 0x25, 0xa0, 0x83, 0x17, 0xc4, 0xfe, 0x81, 0x27,
  0x03, 0x37, 0x84, 0xfd, 0x91, 0x07, 0x8e, 0x07, 0xba, 0x97, 0x23, 0xb4,
  0x07, 0x00, 0x83, 0x17, 0xc4, 0xfe, 0xc2, 0x17, 0xc1, 0x93, 0x85, 0x27,
  0xc2, 0x17, 0xc1, 0x93, 0x23, 0x16, 0xf4, 0xfe, 0x83, 0x17, 0xc4, 0xfe,
  0x1b, 0x87, 0x07, 0x00, 0x9d, 0x47, 0xe3, 0xd8, 0xe7, 0xfc, 0x83, 0x37,
  0x84, 0xfd, 0x23, 0x95, 0x07, 0x06, 0x23, 0x15, 0x04, 0xfe, 0x29, 0xaa,
  0x83, 0x47, 0xf4, 0xfe, 0x93, 0xf7, 0xf7, 0x0f, 0x9d, 0xe7, 0x83, 0x37,
  0x84, 0xfd, 0x98, 0x73, 0x83, 0x57, 0xa4, 0xfe, 0xba, 0x97, 0x83, 0xc7,
  0x07, 0x00, 0x3e, 0x87, 0x93, 0x07, 0x00, 0x02, 0x63, 0x0a, 0xf7, 0x0c,
  0x83, 0x37, 0x84, 0xfd, 0x98, 0x73, 0x83, 0x57, 0xa4, 0xfe, 0xba, 0x97,
  0x83, 0xc7, 0x07, 0x00, 0xe1, 0xc3, 0x83, 0x37, 0x84, 0xfd, 0x98, 0x73,
  0x83, 0x57, 0xa4, 0xfe, 0xba, 0x97, 0x83, 0xc7, 0x07, 0x00, 0x3e, 0x87,
  0x93, 0x07, 0x20, 0x02, 0x63, 0x1b, 0xf7, 0x00, 0x83, 0x47, 0xf4, 0xfe,
  0x81, 0x27, 0x93, 0xb7, 0x17, 0x00, 0x93, 0xf7, 0xf7, 0x0f, 0xa3, 0x07,
  0xf4, 0xfe, 0x83, 0x47, 0xe4, 0xfe, 0x13, 0xf7, 0xf7, 0x0f, 0x85, 0x47,
  0x63, 0x17, 0xf7, 0x04, 0x83, 0x37, 0x84, 0xfd, 0x83, 0xd7, 0xa7, 0x06,
  0x1b, 0x87, 0x07, 0x00, 0x9d, 0x47, 0x63, 0xec, 0xe7, 0x02, 0x83, 0x37,
  0x84, 0xfd, 0x94, 0x73, 0x03, 0x57, 0xa4, 0xfe, 0x83, 0x37, 0x84, 0xfd,
  0x83, 0xd7, 0xa7, 0x06, 0x1b, 0x86, 0x17, 0x00, 0x93, 0x15, 0x06, 0x03,
  0xc1, 0x91, 0x03, 0x36, 0x84, 0xfd, 0x23, 0x15, 0xb6, 0x06, 0x81, 0x27,
  0x36, 0x97, 0x83, 0x36, 0x84, 0xfd, 0x91, 0x07, 0x8e, 0x07, 0xb6, 0x97,
  0x98, 0xe7, 0x23, 0x07, 0x04, 0xfe, 0x83, 0x37, 0x84, 0xfd, 0x98, 0x73,
  0x83, 0x57, 0xa4, 0xfe, 0xba, 0x97, 0x83, 0xc7, 0x07, 0x00, 0x3e, 0x87,
  0x93, 0x07, 0xc0, 0x05, 0x63, 0x1e, 0xf7, 0x02, 0x83, 0x37, 0x84, 0xfd,
  0x98, 0x73, 0x83, 0x57, 0xa4, 0xfe, 0x85, 0x07, 0xba, 0x97, 0x83, 0xc7,
  0x07, 0x00, 0x9d, 0xc3, 0x83, 0x57, 0xa4, 0xfe, 0x85, 0x27, 0x23, 0x15,
  0xf4, 0xfe, 0x29, 0xa8, 0x83, 0x37, 0x84, 0xfd, 0x98, 0x73, 0x83, 0x57,
  0xa4, 0xfe, 0xba, 0x97, 0x23, 0x80, 0x07, 0x00, 0x85, 0x47, 0x23, 0x07,
  0xf4, 0xfe, 0x11, 0xa0, 0x01, 0x00, 0x83, 0x57, 0xa4, 0xfe, 0x85, 0x27,
  0x23, 0x15, 0xf4, 0xfe, 0x83, 0x37, 0x84, 0xfd, 0x83, 0xd7, 0x87, 0x01,
  0x03, 0x57, 0xa4, 0xfe, 0x01, 0x27, 0x81, 0x27, 0xe3, 0x6c, 0xf7, 0xec,
  0x01, 0x00, 0x01, 0x00, 0xa2, 0x70, 0x02, 0x74, 0x45, 0x61, 0x82, 0x80,
  0x79, 0x71, 0x06, 0xf4, 0x22, 0xf0, 0x00, 0x18, 0x23, 0x3c, 0xa4, 0xfc,
  0x23, 0x17, 0x04, 0xfe, 0xf1, 0xa0, 0x83, 0x57, 0xe4, 0xfe, 0x81, 0x27,
  0x03, 0x37, 0x84, 0xfd, 0x91, 0x07, 0x8e, 0x07, 0xba, 0x97, 0x9c, 0x67,
  0x83, 0xc7, 0x07, 0x00, 0x3e, 0x87, 0x93, 0x07, 0x20, 0x02, 0x63, 0x10,
  0xf7, 0x04, 0x83, 0x57, 0xe4, 0xfe, 0x81, 0x27, 0x03, 0x37, 0x84, 0xfd,
  0x91, 0x07, 0x8e, 0x07, 0xba, 0x97, 0x9c, 0x67, 0x23, 0x80, 0x07, 0x00,
  0x83, 0x57, 0xe4, 0xfe, 0x81, 0x27, 0x03, 0x37, 0x84, 0xfd, 0x91, 0x07,
  0x8e, 0x07, 0xba, 0x97, 0x98, 0x67, 0x83, 0x57, 0xe4, 0xfe, 0x81, 0x27,
  0x05, 0x07, 0x83, 0x36, 0x84, 0xfd, 0x91, 0x07, 0x8e, 0x07, 0xb6, 0x97,
  0x98, 0xe7, 0x83, 0x57, 0xe4, 0xfe, 0x81, 0x27, 0x03, 0x37, 0x84, 0xfd,
  0x91, 0x07, 0x8e, 0x07, 0xba, 0x97, 0x9c, 0x67, 0x3e, 0x85, 0xef, 0x10,
  0x70, 0x7a, 0xaa, 0x87, 0x23, 0x16, 0xf4, 0xfe, 0x83, 0x57, 0xe4, 0xfe,
  0x81, 0x27, 0x03, 0x37, 0x84, 0xfd, 0x91, 0x07, 0x8e, 0x07, 0xba, 0x97,
  0x98, 0x67, 0x83, 0x57, 0xc4, 0xfe, 0xfd, 0x17, 0xba, 0x97, 0x83, 0xc7,
  0x07, 0x00, 0x3e, 0x87, 0x93, 0x07, 0x20, 0x02, 0x63, 0x11, 0xf7, 0x02,
  0x83, 0x57, 0xe4, 0xfe, 0x81, 0x27, 0x03, 0x37, 0x84, 0xfd, 0x91, 0x07,
  0x8e, 0x07, 0xba, 0x97, 0x98, 0x67, 0x83, 0x57, 0xc4, 0xfe, 0xfd, 0x17,
  0xba, 0x97, 0x23, 0x80, 0x07, 0x00, 0x83, 0x57, 0xe4, 0xfe, 0x85, 0x27,
  0x23, 0x17, 0xf4, 0xfe, 0x83, 0x37, 0x84, 0xfd, 0x83, 0xd7, 0xa7, 0x06,
  0x03, 0x57, 0xe4, 0xfe, 0x01, 0x27, 0x81, 0x27, 0xe3, 0x63, 0xf7, 0xf2,
  0x01, 0x00, 0x01, 0x00, 0xa2, 0x70, 0x02, 0x74, 0x45, 0x61, 0x82, 0x80,
  0x39, 0x71, 0x06, 0xfc, 0x22, 0xf8, 0x80, 0x00, 0x23, 0x3c, 0xa4, 0xfc,
  0x23, 0x38, 0xb4, 0xfc, 0x23, 0x34, 0xc4, 0xfc, 0xb6, 0x87, 0x23, 0x13,
  0xf4, 0xfc, 0x83, 0x37, 0x84, 0xfd, 0x03, 0xd7, 0x87, 0x0a, 0x83, 0x37,
  0x84, 0xfc, 0x83, 0x36, 0x84, 0xfd, 0xd4, 0x72, 0x95, 0x8f, 0x95, 0x83,
  0xc2, 0x17, 0xc1, 0x93, 0xbb, 0x07, 0xf7, 0x40, 0x23, 0x16, 0xf4, 0xfe,
  0x23, 0x17, 0x04, 0xfe, 0x7d, 0xa0, 0x83, 0x57, 0xe4, 0xfe, 0x96, 0x07,
  0x03, 0x37, 0x84, 0xfc, 0xba, 0x97, 0x9c, 0x43, 0x3e, 0x87, 0x85, 0x67,
  0x93, 0x87, 0x07, 0xf0, 0xf9, 0x8f, 0x1b, 0x87, 0x07, 0x00, 0x85, 0x67,
  0x93, 0x87, 0x07, 0x90, 0x63, 0x0f, 0xf7, 0x06, 0x83, 0x57, 0xe4, 0xfe,
  0x96, 0x07, 0x03, 0x37, 0x84, 0xfc, 0xba, 0x97, 0xbe, 0x85, 0x03, 0x35,
  0x84, 0xfd, 0xef, 0xe0, 0xff, 0xdf, 0xaa, 0x87, 0xad, 0xe3, 0x83, 0x57,
  0xe4, 0xfe, 0x96, 0x07, 0x03, 0x37, 0x84, 0xfc, 0xba, 0x97, 0x3e, 0x85,
  0xef, 0xf0, 0x2f, 0x93, 0x23, 0x30, 0xa4, 0xfe, 0x83, 0x57, 0x64, 0xfc,
  0x81, 0x27, 0x85, 0xe3, 0x83, 0x35, 0x04, 0xfe, 0x03, 0x35, 0x04, 0xfd,
  0xef, 0x10, 0x50, 0x6a, 0xaa, 0x87, 0x9d, 0xeb, 0x83, 0x57, 0xe4, 0xfe,
  0x96, 0x07, 0x03, 0x37, 0x84, 0xfc, 0xba, 0x97, 0x91, 0xa0, 0x83, 0x57,
  0x64, 0xfc, 0x3e, 0x86, 0x83, 0x35, 0x04, 0xfe, 0x03, 0x35, 0x04, 0xfd,
  0xef, 0x10, 0x10, 0x67, 0xaa, 0x87, 0x89, 0xeb, 0x83, 0x57, 0xe4, 0xfe,
  0x96, 0x07, 0x03, 0x37, 0x84, 0xfc, 0xba, 0x97, 0x05, 0xa0, 0x01, 0x00,
  0x83, 0x57, 0xe4, 0xfe, 0x85, 0x27, 0x23, 0x17, 0xf4, 0xfe, 0x03, 0x57,
  0xe4, 0xfe, 0x83, 0x57, 0xc4, 0xfe, 0x01, 0x27, 0x81, 0x27, 0xe3, 0x64,
  0xf7, 0xf4, 0x81, 0x47, 0x3e, 0x85, 0xe2, 0x70, 0x42, 0x74, 0x21, 0x61,
  0x82, 0x80, 0x79, 0x71, 0x06, 0xf4, 0x22, 0xf0, 0x00, 0x18, 0x23, 0x3c,
  0xa4, 0xfc, 0x23, 0x38, 0xb4, 0xfc, 0x23, 0x26, 0x04, 0xfe, 0x83, 0x37,
  0x04, 0xfd, 0x9c, 0x63, 0xa1, 0x83, 0xbd, 0x8b, 0x93, 0xf7, 0xf7, 0x0f,
  0x81, 0x27, 0x1d, 0x47, 0x63, 0x85, 0xe7, 0x06, 0x1d, 0x47, 0x63, 0x48,
  0xf7, 0x08, 0x19, 0x47, 0x63, 0x45, 0xf7, 0x08, 0x15, 0x47, 0x63, 0xd6,
  0xe7, 0x04, 0x11, 0x47, 0x63, 0x8b, 0xe7, 0x02, 0x11, 0x47, 0x63, 0x4c,
  0xf7, 0x06, 0x09, 0x47, 0x63, 0x86, 0xe7, 0x00, 0x0d, 0x47, 0x63, 0x8a,
  0xe7, 0x00, 0xa5, 0xa0, 0x83, 0x37, 0x04, 0xfd, 0x9c, 0x6b, 0x9c, 0x43,
  0x23, 0x26, 0xf4, 0xfe, 0xb1, 0xa8, 0x83, 0x37, 0x04, 0xfd, 0x9c, 0x6b,
  0x83, 0x97, 0x07, 0x00, 0x23, 0x26, 0xf4, 0xfe, 0xb1, 0xa0, 0x83, 0x37,
  0x04, 0xfd, 0x9c, 0x6b, 0x83, 0xc7, 0x07, 0x00, 0x23, 0x26, 0xf4, 0xfe,
  0x35, 0xa8, 0x83, 0x37, 0x04, 0xfd, 0x9c, 0x6b, 0x23, 0x26, 0xf4, 0xfe,
  0x05, 0xa8, 0x83, 0x37, 0x04, 0xfd, 0x9c, 0x6b, 0x9c, 0x67, 0x99, 0xcf,
  0x83, 0x37, 0x04, 0xfd, 0x9c, 0x6b, 0x9c, 0x67, 0x03, 0x37, 0x04, 0xfd,
  0x18, 0x6b, 0x18, 0x63, 0x3a, 0x85, 0x82, 0x97, 0xaa, 0x87, 0x23, 0x26,
  0xf4, 0xfe, 0x29, 0xa0, 0x23, 0x26, 0x04, 0xfe, 0x11, 0xa0, 0x01, 0x00,
  0x83, 0x27, 0xc4, 0xfe, 0x3e, 0x85, 0xa2, 0x70, 0x02, 0x74, 0x45, 0x61,
  0x82, 0x80, 0x79, 0x71, 0x06, 0xf4, 0x22, 0xf0, 0x00, 0x18, 0x23, 0x34,
  0xa4, 0xfe, 0x23, 0x30, 0xb4, 0xfe, 0xb2, 0x87, 0x23, 0x2e, 0xf4, 0xfc,
  0x83, 0x37, 0x04, 0xfe, 0x9c, 0x43, 0x3e, 0x87, 0x91, 0x67, 0xf9, 0x8f,
  0x81, 0x27, 0x91, 0xcb, 0x93, 0x87, 0x81, 0x09, 0xbc, 0x63, 0xbe, 0x85,
  0x03, 0x35, 0x84, 0xfe, 0xef, 0xe0, 0x7f, 0xa2, 0xe5, 0xa8, 0x83, 0x37,
  0x04, 0xfe, 0x9c, 0x63, 0xa1, 0x83, 0xbd, 0x8b, 0x93, 0xf7, 0xf7, 0x0f,
  0x81, 0x27, 0x1d, 0x47, 0x63, 0x8e, 0xe7, 0x08, 0x1d, 0x47, 0x63, 0x4c,
  0xf7, 0x0c, 0x19, 0x47, 0x63, 0x8f, 0xe7, 0x06, 0x19, 0x47, 0x63, 0x46,
  0xf7, 0x0c, 0x15, 0x47, 0x63, 0x8f, 0xe7, 0x04, 0x15, 0x47, 0x63, 0x40,
  0xf7, 0x0c, 0x11, 0x47, 0x63, 0x8f, 0xe7, 0x02, 0x11, 0x47, 0x63, 0x4a,
  0xf7, 0x0a, 0x09, 0x47, 0x63, 0x86, 0xe7, 0x00, 0x0d, 0x47, 0x63, 0x8a,
  0xe7, 0x00, 0x55, 0xa0, 0x83, 0x37, 0x04, 0xfe, 0x9c, 0x6b, 0x03, 0x27,
  0xc4, 0xfd, 0x98, 0xc3, 0x71, 0xa8, 0x83, 0x37, 0x04, 0xfe, 0x9c, 0x6b,
  0x03, 0x27, 0xc4, 0xfd, 0x1b, 0x17, 0x07, 0x01, 0x1b, 0x57, 0x07, 0x41,
  0x23, 0x90, 0xe7, 0x00, 0x51, 0xa0, 0x83, 0x37, 0x04, 0xfe, 0x9c, 0x6b,
  0x03, 0x27, 0xc4, 0xfd, 0x13, 0x77, 0xf7, 0x0f, 0x23, 0x80, 0xe7, 0x00,
  0x85, 0xa8, 0x83, 0x37, 0x04, 0xfe, 0x9c, 0x6b, 0x03, 0x27, 0xc4, 0xfd,
  0xba, 0x85, 0x3e, 0x85, 0xef, 0xe0, 0x5f, 0xe3, 0xb1, 0xa8, 0x93, 0x87,
  0x81, 0x09, 0x9c, 0x7f, 0xbe, 0x85, 0x03, 0x35, 0x84, 0xfe, 0xef, 0xe0,
  0x9f, 0x97, 0xa9, 0xa0, 0x83, 0x37, 0x04, 0xfe, 0x9c, 0x6b, 0x9c, 0x6b,
  0x9d, 0xcf, 0x83, 0x37, 0x04, 0xfe, 0x9c, 0x6b, 0x9c, 0x63, 0x99, 0xcf,
  0x83, 0x37, 0x04, 0xfe, 0x9c, 0x6b, 0x9c, 0x6b, 0x03, 0x37, 0x04, 0xfe,
  0x18, 0x6b, 0x18, 0x63, 0x83, 0x26, 0xc4, 0xfd, 0xb6, 0x85, 0x3a, 0x85,
  0x82, 0x97, 0x21, 0xa8, 0x83, 0x37, 0x04, 0xfe, 0x9c, 0x6b, 0x9c, 0x6b,
  0x03, 0x27, 0xc4, 0xfd, 0x3a, 0x85, 0x82, 0x97, 0x19, 0xa0, 0x01, 0x00,
  0x11, 0xa0, 0x01, 0x00, 0x83, 0x35, 0x04, 0xfe, 0x03, 0x35, 0x84, 0xfe,
  0xef, 0x00, 0x00, 0x01, 0xaa, 0x87, 0x3e, 0x85, 0xa2, 0x70, 0x02, 0x74,
  0x45, 0x61, 0x82, 0x80, 0x39, 0x71, 0x06, 0xfc, 0x22, 0xf8, 0x80, 0x00,
  0x23, 0x34, 0xa4, 0xfc, 0x23, 0x30, 0xb4, 0xfc, 0x97, 0x27, 0x00, 0x00,
  0x93, 0x87, 0x07, 0x09, 0x98, 0x63, 0x23, 0x3c, 0xe4, 0xfc, 0x9c, 0x47,
  0x23, 0x20, 0xf4, 0xfe, 0x83, 0x35, 0x04, 0xfc, 0x03, 0x35, 0x84, 0xfc,
  0xef, 0xf0, 0x3f, 0xdc, 0xaa, 0x87, 0x23, 0x24, 0xf4, 0xfe, 0x83, 0x37,
  0x04, 0xfc, 0x9c, 0x67, 0xbe, 0x85, 0x03, 0x35, 0x84, 0xfc, 0xef, 0xe0,
  0x1f, 0x8d, 0x97, 0x25, 0x00, 0x00, 0x93, 0x85, 0x25, 0x04, 0x03, 0x35,
  0x84, 0xfc, 0xef, 0xe0, 0x1f, 0x8c, 0x83, 0x37, 0x04, 0xfc, 0x9c, 0x63,
  0xa1, 0x83, 0xbd, 0x8b, 0x93, 0xf7, 0xf7, 0x0f, 0x1b, 0x87, 0x07, 0x00,
  0x95, 0x47, 0x63, 0x1a, 0xf7, 0x02, 0x97, 0x25, 0x00, 0x00, 0x93, 0x85,
  0x25, 0x02, 0x03, 0x35, 0x84, 0xfc, 0xef, 0xe0, 0x9f, 0x89, 0x83, 0x27,
  0x84, 0xfe, 0xbe, 0x85, 0x03, 0x35, 0x84, 0xfc, 0xef, 0xe0, 0xbf, 0x88,
  0x97, 0x25, 0x00, 0x00, 0x93, 0x85, 0x45, 0x00, 0x03, 0x35, 0x84, 0xfc,
  0xef, 0xe0, 0xbf, 0x87, 0x51, 0xa8, 0x13, 0x07, 0x84, 0xfd, 0x83, 0x27,
  0x84, 0xfe, 0xba, 0x85, 0x3e, 0x85, 0xef, 0xe0, 0x7f, 0xbd, 0xaa, 0x87,
  0x3e, 0x87, 0xad, 0x47, 0x99, 0x9f, 0x81, 0x27, 0x13, 0x07, 0x84, 0xfd,
  0xba, 0x97, 0xbe, 0x85, 0x03, 0x35, 0x84, 0xfc, 0xef, 0xe0, 0xff, 0x84,
  0x97, 0x25, 0x00, 0x00, 0x93, 0x85, 0x05, 0xfd, 0x03, 0x35, 0x84, 0xfc,
  0xef, 0xe0, 0xff, 0x83, 0x23, 0x17, 0x04, 0xfe, 0x1d, 0xa0, 0x83, 0x17,
  0xe4, 0xfe, 0x81, 0x27, 0xc1, 0x17, 0xa2, 0x97, 0x13, 0x07, 0x00, 0x03,
  0x23, 0x84, 0xe7, 0xfe, 0x83, 0x17, 0xe4, 0xfe, 0xc2, 0x17, 0xc1, 0x93,
  0x85, 0x27, 0xc2, 0x17, 0xc1, 0x93, 0x23, 0x17, 0xf4, 0xfe, 0x83, 0x17,
  0xe4, 0xfe, 0x1b, 0x87, 0x07, 0x00, 0xa9, 0x47, 0xe3, 0xd9, 0xe7, 0xfc,
  0x83, 0x27, 0x84, 0xfe, 0x13, 0x07, 0x84, 0xfd, 0xba, 0x85, 0x3e, 0x85,
  0xef, 0xe0, 0xff, 0xab, 0x93, 0x07, 0x84, 0xfd, 0xbe, 0x85, 0x03, 0x35,
  0x84, 0xfc, 0xef, 0xe0, 0x8f, 0xfe, 0x01, 0x00, 0x97, 0x25, 0x00, 0x00,
  0x93, 0x85, 0x85, 0xf2, 0x03, 0x35, 0x84, 0xfc, 0xef, 0xe0, 0x6f, 0xfd,
  0x83, 0x27, 0x84, 0xfe, 0x3e, 0x85, 0xe2, 0x70, 0x42, 0x74, 0x21, 0x61,
  0x82, 0x80, 0x79, 0x71, 0x06, 0xf4, 0x22, 0xf0, 0x00, 0x18, 0x23, 0x3c,
  0xa4, 0xfc, 0xae, 0x87, 0x23, 0x2a, 0xf4, 0xfc, 0xef, 0xe0, 0xcf, 0xf0,
  0x23, 0x34, 0xa4, 0xfe, 0x83, 0x37, 0x84, 0xfe, 0x99, 0xe3, 0x81, 0x47,
  0x59, 0xa8, 0x83, 0x37, 0x84, 0xfe, 0xdc, 0x73, 0x81, 0x46, 0x3e, 0x86,
  0x83, 0x35, 0x84, 0xfd, 0x03, 0x35, 0x84, 0xfe, 0xef, 0xf0, 0x1f, 0xb6,
  0x23, 0x30, 0xa4, 0xfe, 0x83, 0x37, 0x04, 0xfe, 0x99, 0xeb, 0x93, 0x87,
  0x81, 0x09, 0xbc, 0x6b, 0xbe, 0x85, 0x03, 0x35, 0x84, 0xfe, 0xef, 0xe0,
  0x4f, 0xf7, 0x81, 0x47, 0x8d, 0xa0, 0x83, 0x37, 0x04, 0xfe, 0x9c, 0x63,
  0xa1, 0x83, 0xbd, 0x8b, 0x93, 0xf7, 0xf7, 0x0f, 0x3e, 0x87, 0x85, 0x47,
  0x63, 0xfd, 0xe7, 0x00, 0x83, 0x37, 0x04, 0xfe, 0x9c, 0x63, 0xa1, 0x83,
  0xbd, 0x8b, 0x93, 0xf7, 0xf7, 0x0f, 0x3e, 0x87, 0x9d, 0x47, 0x63, 0xf2,
  0xe7, 0x02, 0x83, 0x35, 0x84, 0xfd, 0x03, 0x35, 0x84, 0xfe, 0xef, 0xe0,
  0x8f, 0xf3, 0x93, 0x87, 0x81, 0x09, 0xbc, 0x67, 0xbe, 0x85, 0x03, 0x35,
  0x84, 0xfe, 0xef, 0xe0, 0x8f, 0xf2, 0x81, 0x47, 0x19, 0xa8, 0x83, 0x27,
  0x44, 0xfd, 0x3e, 0x86, 0x83, 0x35, 0x04, 0xfe, 0x03, 0x35, 0x84, 0xfe,
  0xef, 0xf0, 0xbf, 0xcb, 0xaa, 0x87, 0x3e, 0x85, 0xa2, 0x70, 0x02, 0x74,
  0x45, 0x61, 0x82, 0x80, 0x79, 0x71, 0x06, 0xf4, 0x22, 0xf0, 0x00, 0x18,
  0x23, 0x3c, 0xa4, 0xfc, 0x23, 0x38, 0xb4, 0xfc, 0x23, 0x26, 0x04, 0xfe,
  0x83, 0x37, 0x84, 0xfd, 0x03, 0xc7, 0x07, 0x0b, 0x13, 0x67, 0x27, 0x00,
  0x23, 0x88, 0xe7, 0x0a, 0x83, 0x37, 0x04, 0xfd, 0x9c, 0x43, 0x3e, 0x87,
  0x85, 0x67, 0x93, 0x87, 0x07, 0xf0, 0xf9, 0x8f, 0x81, 0x27, 0xa1, 0xeb,
  0x03, 0x35, 0x84, 0xfd, 0xef, 0xf0, 0xdf, 0x99, 0x83, 0x37, 0x04, 0xfd,
  0x9c, 0x6b, 0x03, 0x37, 0x84, 0xfd, 0x03, 0x57, 0xa7, 0x06, 0x9b, 0x06,
  0x07, 0x00, 0x03, 0x37, 0x84, 0xfd, 0x13, 0x07, 0x87, 0x02, 0xba, 0x85,
  0x36, 0x85, 0x82, 0x97, 0xaa, 0x87, 0x23, 0x26, 0xf4, 0xfe, 0x83, 0x37,
  0x04, 0xfd, 0x9c, 0x43, 0x3e, 0x87, 0x89, 0x67, 0xf9, 0x8f, 0x81, 0x27,
  0xe1, 0xef, 0x83, 0x27, 0xc4, 0xfe, 0xbe, 0x85, 0x03, 0x35, 0x84, 0xfd,
  0xef, 0x00, 0xa0, 0x20, 0xe1, 0xa0, 0x83, 0x37, 0x04, 0xfd, 0x9c, 0x43,
  0x3e, 0x87, 0x85, 0x67, 0x93, 0x87, 0x07, 0xf0, 0xf9, 0x8f, 0x1b, 0x87,
  0x07, 0x00, 0x93, 0x07, 0x00, 0x10, 0x63, 0x17, 0xf7, 0x04, 0x83, 0x37,
  0x84, 0xfd, 0x83, 0xd7, 0xa7, 0x06, 0x1b, 0x87, 0x07, 0x00, 0x83, 0x37,
  0x84, 0xfd, 0x93, 0x87, 0x87, 0x02, 0xbe, 0x86, 0x3a, 0x86, 0x83, 0x35,
  0x04, 0xfd, 0x03, 0x35, 0x84, 0xfd, 0xef, 0x10, 0x40, 0x56, 0xaa, 0x87,
  0x23, 0x26, 0xf4, 0xfe, 0x83, 0x37, 0x04, 0xfd, 0x9c, 0x43, 0x3e, 0x87,
  0x89, 0x67, 0xf9, 0x8f, 0x81, 0x27, 0xad, 0xeb, 0x83, 0x27, 0xc4, 0xfe,
  0xbe, 0x85, 0x03, 0x35, 0x84, 0xfd, 0xef, 0x00, 0x40, 0x1a, 0x8d, 0xa0,
  0x83, 0x37, 0x04, 0xfd, 0x9c, 0x63, 0xa1, 0x83, 0xbd, 0x8b, 0x93, 0xf7,
  0xf7, 0x0f, 0x3e, 0x87, 0x85, 0x47, 0x63, 0xf4, 0xe7, 0x02, 0x83, 0x37,
  0x04, 0xfd, 0x9c, 0x63, 0xa1, 0x83, 0xbd, 0x8b, 0x93, 0xf7, 0xf7, 0x0f,
  0x3e, 0x87, 0x9d, 0x47, 0x63, 0xe9, 0xe7, 0x00, 0x83, 0x35, 0x04, 0xfd,
  0x03, 0x35, 0x84, 0xfd, 0xef, 0xf0, 0x1f, 0xcd, 0x25, 0xa0, 0x83, 0x37,
  0x04, 0xfd, 0x9c, 0x43, 0x3e, 0x87, 0x85, 0x67, 0x93, 0x87, 0x07, 0xf0,
  0xf9, 0x8f, 0x81, 0x27, 0x9b, 0x87, 0x07, 0x80, 0x81, 0x27, 0x99, 0xe7,
  0x83, 0x35, 0x04, 0xfd, 0x03, 0x35, 0x84, 0xfd, 0xef, 0x00, 0x20, 0x09,
  0x83, 0x37, 0x84, 0xfd, 0x03, 0xc7, 0x07, 0x0b, 0x75, 0x9b, 0x23, 0x88,
  0xe7, 0x0a, 0x83, 0x27, 0xc4, 0xfe, 0x3e, 0x85, 0xa2, 0x70, 0x02, 0x74,
  0x45, 0x61, 0x82, 0x80, 0x01, 0x11, 0x06, 0xec, 0x22, 0xe8, 0x00, 0x10,
  0x23, 0x34, 0xa4, 0xfe, 0x83, 0x37, 0x84, 0xfe, 0x98, 0x73, 0x83, 0x37,
  0x84, 0xfe, 0x9c, 0x63, 0x9c, 0x6b, 0xbe, 0x85, 0x3a, 0x85, 0xef, 0x10,
  0xb0, 0x09, 0xaa, 0x87, 0x95, 0xe3, 0x83, 0x37, 0x84, 0xfe, 0x03, 0xc7,
  0x07, 0x0b, 0x13, 0x67, 0x17, 0x00, 0x23, 0x88, 0xe7, 0x0a, 0x93, 0x87,
  0x81, 0x09, 0x9c, 0x63, 0xbe, 0x85, 0x03, 0x35, 0x84, 0xfe, 0xef, 0xe0,
  0x8f, 0xd5, 0x09, 0xa8, 0x93, 0x87, 0x81, 0x09, 0xbc, 0x77, 0xbe, 0x85,
  0x03, 0x35, 0x84, 0xfe, 0xef, 0xe0, 0x6f, 0xd4, 0x83, 0x37, 0x84, 0xfe,
  0x23, 0x9c, 0x07, 0x00, 0x83, 0x37, 0x84, 0xfe, 0x23, 0x9d, 0x07, 0x00,
  0x01, 0x00, 0xe2, 0x60, 0x42, 0x64, 0x05, 0x61, 0x82, 0x80, 0x01, 0x11,
  0x06, 0xec, 0x22, 0xe8, 0x00, 0x10, 0x23, 0x34, 0xa4, 0xfe, 0x23, 0x30,
  0xb4, 0xfe, 0x83, 0x37, 0x84, 0xfe, 0x03, 0x37, 0x04, 0xfe, 0x98, 0xe3,
  0x83, 0x37, 0x04, 0xfe, 0x9c, 0x6b, 0x85, 0xcf, 0x83, 0x37, 0x04, 0xfe,
  0x9c, 0x6b, 0x83, 0xc7, 0x07, 0x00, 0x95, 0xc7, 0x83, 0x37, 0x84, 0xfe,
  0x83, 0xd7, 0xa7, 0x06, 0x1b, 0x87, 0x07, 0x00, 0x85, 0x47, 0x63, 0xf0,
  0xe7, 0x02, 0x83, 0x37, 0x04, 0xfe, 0x98, 0x6b, 0x83, 0x37, 0x84, 0xfe,
  0x9c, 0x7b, 0xbe, 0x85, 0x3a, 0x85, 0xef, 0x10, 0x60, 0x7f, 0xaa, 0x87,
  0x99, 0xe3, 0x85, 0x47, 0x11, 0xa0, 0x81, 0x47, 0x85, 0x8b, 0x13, 0xf7,
  0xf7, 0x0f, 0x83, 0x37, 0x84, 0xfe, 0x05, 0x8b, 0x83, 0xc6, 0x07, 0x0b,
  0xf9, 0x9a, 0x55, 0x8f, 0x23, 0x88, 0xe7, 0x0a, 0x93, 0x87, 0x81, 0x09,
  0xbc, 0x7b, 0xbe, 0x85, 0x03, 0x35, 0x84, 0xfe, 0xef, 0xe0, 0x6f, 0xca,
  0x83, 0x37, 0x84, 0xfe, 0x83, 0xc7, 0x07, 0x0b, 0x85, 0x8b, 0x93, 0xf7,
  0xf7, 0x0f, 0x89, 0xcb, 0x93, 0x87, 0x81, 0x09, 0x9c, 0x63, 0xbe, 0x85,
  0x03, 0x35, 0x84, 0xfe, 0xef, 0xe0, 0x6f, 0xc8, 0x01, 0x00, 0xe2, 0x60,
  0x42, 0x64, 0x05, 0x61, 0x82, 0x80, 0x79, 0x71, 0x06, 0xf4, 0x22, 0xf0,
  0x00, 0x18, 0x23, 0x3c, 0xa4, 0xfc, 0xae, 0x87, 0x23, 0x2a, 0xf4, 0xfc,
  0x97, 0x27, 0x00, 0x00, 0x93, 0x87, 0x47, 0xbf, 0x98, 0x63, 0x23, 0x30,
  0xe4, 0xfe, 0x9c, 0x47, 0x23, 0x24, 0xf4, 0xfe, 0x97, 0x25, 0x00, 0x00,
  0x93, 0x85, 0x05, 0xbf, 0x03, 0x35, 0x84, 0xfd, 0xef, 0xe0, 0x6f, 0xc4,
  0x13, 0x07, 0x04, 0xfe, 0x83, 0x27, 0x44, 0xfd, 0xba, 0x85, 0x3e, 0x85,
  0xef, 0xe0, 0x4f, 0xfa, 0xaa, 0x87, 0x3e, 0x87, 0xad, 0x47, 0x99, 0x9f,
  0x81, 0x27, 0x13, 0x07, 0x04, 0xfe, 0xba, 0x97, 0xbe, 0x85, 0x03, 0x35,
  0x84, 0xfd, 0xef, 0xe0, 0xcf, 0xc1, 0x97, 0x25, 0x00, 0x00, 0x93, 0x85,
  0xe5, 0xb9, 0x03, 0x35, 0x84, 0xfd, 0xef, 0xe0, 0xcf, 0xc0, 0x23, 0x17,
  0x04, 0xfe, 0x1d, 0xa0, 0x83, 0x17, 0xe4, 0xfe, 0x81, 0x27, 0xc1, 0x17,
  0xa2, 0x97, 0x13, 0x07, 0x00, 0x03, 0x23, 0x88, 0xe7, 0xfe, 0x83, 0x17,
  0xe4, 0xfe, 0xc2, 0x17, 0xc1, 0x93, 0x85, 0x27, 0xc2, 0x17, 0xc1, 0x93,
  0x23, 0x17, 0xf4, 0xfe, 0x83, 0x17, 0xe4, 0xfe, 0x1b, 0x87, 0x07, 0x00,
  0xa9, 0x47, 0xe3, 0xd9, 0xe7, 0xfc, 0x83, 0x27, 0x44, 0xfd, 0x13, 0x07,
  0x04, 0xfe, 0xba, 0x85, 0x3e, 0x85, 0xef, 0xe0, 0xcf, 0xe8, 0x93, 0x07,
  0x04, 0xfe, 0xbe, 0x85, 0x03, 0x35, 0x84, 0xfd, 0xef, 0xe0, 0x6f, 0xbb,
  0x97, 0x25, 0x00, 0x00, 0x93, 0x85, 0x85, 0xaf, 0x03, 0x35, 0x84, 0xfd,
  0xef, 0xe0, 0x6f, 0xba, 0x01, 0x00, 0xa2, 0x70, 0x02, 0x74, 0x45, 0x61,
  0x82, 0x80, 0x01, 0x11, 0x06, 0xec, 0x22, 0xe8, 0x00, 0x10, 0x23, 0x34,
  0xa4, 0xfe, 0x83, 0x37, 0x84, 0xfe, 0x23, 0x9e, 0x07, 0x08, 0x83, 0x37,
  0x84, 0xfe, 0x83, 0xd7, 0x87, 0x09, 0x95, 0xcf, 0x83, 0x37, 0x84, 0xfe,
  0x83, 0xd7, 0xa7, 0x09, 0x89, 0xcb, 0x83, 0x37, 0x84, 0xfe, 0x83, 0xd7,
  0xa7, 0x09, 0x81, 0x27, 0xfd, 0x37, 0x81, 0x27, 0x11, 0xa0, 0x91, 0x47,
  0x03, 0x37, 0x84, 0xfe, 0xb9, 0x07, 0x8e, 0x07, 0xba, 0x97, 0x98, 0x63,
  0x83, 0x37, 0x84, 0xfe, 0x9c, 0x73, 0xbe, 0x85, 0x3a, 0x85, 0xef, 0x10,
  0x60, 0x66, 0xaa, 0x87, 0xc9, 0xcb, 0x83, 0x37, 0x84, 0xfe, 0x83, 0xd7,
  0xa7, 0x09, 0x81, 0x27, 0x03, 0x37, 0x84, 0xfe, 0xb9, 0x07, 0x8e, 0x07,
  0xba, 0x97, 0x98, 0x63, 0x83, 0x37, 0x84, 0xfe, 0x9c, 0x73, 0xbe, 0x85,
  0x3a, 0x85, 0xef, 0xe0, 0xaf, 0xfc, 0xaa, 0x87, 0x89, 0xcf, 0x83, 0x37,
  0x84, 0xfe, 0x83, 0xd7, 0xa7, 0x09, 0x85, 0x27, 0x13, 0x97, 0x07, 0x03,
  0x41, 0x93, 0x83, 0x37, 0x84, 0xfe, 0x23, 0x9d, 0xe7, 0x08, 0x83, 0x37,
  0x84, 0xfe, 0x83, 0xd7, 0x87, 0x09, 0x85, 0x27, 0x13, 0x97, 0x07, 0x03,
  0x41, 0x93, 0x83, 0x37, 0x84, 0xfe, 0x23, 0x9c, 0xe7, 0x08, 0x83, 0x37,
  0x84, 0xfe, 0x83, 0xd7, 0x87, 0x09, 0x1b, 0x87, 0x07, 0x00, 0x95, 0x47,
  0x63, 0xf7, 0xe7, 0x00, 0x83, 0x37, 0x84, 0xfe, 0x15, 0x47, 0x23, 0x9c,
  0xe7, 0x08, 0x83, 0x37, 0x84, 0xfe, 0x83, 0xd7, 0xa7, 0x09, 0x1b, 0x87,
  0x07, 0x00, 0x91, 0x47, 0x63, 0xf8, 0xe7, 0x00, 0x83, 0x37, 0x84, 0xfe,
  0x23, 0x9d, 0x07, 0x08, 0x11, 0xa0, 0x01, 0x00, 0xe2, 0x60, 0x42, 0x64,
  0x05, 0x61, 0x82, 0x80, 0x01, 0x11, 0x06, 0xec, 0x22, 0xe8, 0x00, 0x10,
  0x23, 0x34, 0xa4, 0xfe, 0xae, 0x87, 0xa3, 0x03, 0xf4, 0xfe, 0x83, 0x47,
  0x74, 0xfe, 0x9b, 0x97, 0x87, 0x01, 0x9b, 0xd7, 0x87, 0x41, 0x63, 0x5b,
  0xf0, 0x0a, 0x83, 0x37, 0x84, 0xfe, 0x83, 0x96, 0xc7, 0x09, 0x93, 0x97,
  0x06, 0x03, 0xc1, 0x93, 0xfd, 0x37, 0xc2, 0x17, 0xc1, 0x93, 0x1b, 0x97,
  0x07, 0x01, 0x1b, 0x57, 0x07, 0x41, 0x83, 0x37, 0x84, 0xfe, 0x23, 0x9e,
  0xe7, 0x08, 0x83, 0x37, 0x84, 0xfe, 0x03, 0xd7, 0xa7, 0x09, 0x83, 0x37,
  0x84, 0xfe, 0x83, 0xd7, 0x87, 0x09, 0xbe, 0x85, 0x3a, 0x86, 0x1b, 0x17,
  0x06, 0x01, 0x1b, 0x57, 0x07, 0x01, 0x9b, 0x97, 0x05, 0x01, 0x9b, 0xd7,
  0x07, 0x01, 0x01, 0x27, 0x81, 0x27, 0x63, 0x73, 0xf7, 0x00, 0x2e, 0x86,
  0x93, 0x17, 0x06, 0x03, 0xc1, 0x93, 0x81, 0x27, 0xbb, 0x07, 0xf0, 0x40,
  0x81, 0x27, 0x63, 0xcd, 0xd7, 0x08, 0x83, 0x37, 0x84, 0xfe, 0x03, 0xd7,
  0xa7, 0x09, 0x83, 0x37, 0x84, 0xfe, 0x83, 0xd7, 0x87, 0x09, 0x3e, 0x86,
  0xba, 0x86, 0x1b, 0x97, 0x06, 0x01, 0x1b, 0x57, 0x07, 0x01, 0x9b, 0x17,
  0x06, 0x01, 0x9b, 0xd7, 0x07, 0x01, 0x01, 0x27, 0x81, 0x27, 0x63, 0x73,
  0xf7, 0x00, 0xb2, 0x86, 0x93, 0x97, 0x06, 0x03, 0xc1, 0x93, 0xbb, 0x07,
  0xf0, 0x40, 0xc2, 0x17, 0xc1, 0x93, 0x1b, 0x97, 0x07, 0x01, 0x1b, 0x57,
  0x07, 0x41, 0x83, 0x37, 0x84, 0xfe, 0x23, 0x9e, 0xe7, 0x08, 0xa9, 0xa0,
  0x83, 0x47, 0x74, 0xfe, 0x9b, 0x97, 0x87, 0x01, 0x9b, 0xd7, 0x87, 0x41,
  0x63, 0xd1, 0x07, 0x10, 0x83, 0x37, 0x84, 0xfe, 0x83, 0x97, 0xc7, 0x09,
  0xc2, 0x17, 0xc1, 0x93, 0x85, 0x27, 0xc2, 0x17, 0xc1, 0x93, 0x1b, 0x97,
  0x07, 0x01, 0x1b, 0x57, 0x07, 0x41, 0x83, 0x37, 0x84, 0xfe, 0x23, 0x9e,
  0xe7, 0x08, 0x83, 0x37, 0x84, 0xfe, 0x83, 0x97, 0xc7, 0x09, 0x63, 0x57,
  0xf0, 0x00, 0x83, 0x37, 0x84, 0xfe, 0x23, 0x9e, 0x07, 0x08, 0xf9, 0xa0,
  0x03, 0x35, 0x84, 0xfe, 0xef, 0xe0, 0x5f, 0xd7, 0x83, 0x37, 0x84, 0xfe,
  0x83, 0x97, 0xc7, 0x09, 0x91, 0xef, 0x83, 0x37, 0x84, 0xfe, 0x23, 0x9c,
  0x07, 0x00, 0x83, 0x37, 0x84, 0xfe, 0x03, 0xd7, 0x87, 0x01, 0x83, 0x37,
  0x84, 0xfe, 0x23, 0x9d, 0xe7, 0x00, 0x4d, 0xa0, 0x83, 0x37, 0x84, 0xfe,
  0x90, 0x73, 0x83, 0x37, 0x84, 0xfe, 0x83, 0xd7, 0xa7, 0x09, 0x81, 0x27,
  0x95, 0x27, 0x81, 0x27, 0x03, 0x37, 0x84, 0xfe, 0x03, 0x17, 0xc7, 0x09,
  0xb9, 0x9f, 0x81, 0x27, 0x9b, 0x86, 0x07, 0x00, 0x37, 0x67, 0x66, 0x66,
  0x13, 0x07, 0x77, 0x66, 0x33, 0x87, 0xe6, 0x02, 0x01, 0x93, 0x1b, 0x57,
  0x17, 0x40, 0xba, 0x86, 0x1b, 0xd7, 0xf7, 0x41, 0x3b, 0x87, 0xe6, 0x40,
  0xba, 0x86, 0x36, 0x87, 0x1b, 0x17, 0x27, 0x00, 0x35, 0x9f, 0x99, 0x9f,
  0x81, 0x27, 0x03, 0x37, 0x84, 0xfe, 0xb9, 0x07, 0x8e, 0x07, 0xba, 0x97,
  0x9c, 0x63, 0xbe, 0x85, 0x32, 0x85, 0xef, 0xe0, 0xaf, 0xda, 0xaa, 0x87,
  0x3e, 0x87, 0x83, 0x37, 0x84, 0xfe, 0x23, 0x9c, 0xe7, 0x00, 0x83, 0x37,
  0x84, 0xfe, 0x83, 0xd7, 0x87, 0x01, 0x85, 0xc7, 0x83, 0x37, 0x84, 0xfe,
  0x03, 0xd7, 0x87, 0x01, 0x83, 0x37, 0x84, 0xfe, 0x23, 0x9d, 0xe7, 0x00,
  0x83, 0x37, 0x84, 0xfe, 0x9c, 0x73, 0xbe, 0x85, 0x03, 0x35, 0x84, 0xfe,
  0xef, 0xe0, 0xaf, 0x8c, 0x21, 0xa0, 0x01, 0x00, 0x11, 0xa0, 0x01, 0x00,
  0xe2, 0x60, 0x42, 0x64, 0x05, 0x61, 0x82, 0x80, 0x01, 0x11, 0x06, 0xec,
  0x22, 0xe8, 0x00, 0x10, 0x23, 0x34, 0xa4, 0xfe, 0xae, 0x87, 0xa3, 0x03,
  0xf4, 0xfe, 0x83, 0x37, 0x84, 0xfe, 0x03, 0xc7, 0x07, 0x0b, 0x6d, 0x9b,
  0x23, 0x88, 0xe7, 0x0a, 0x83, 0x47, 0x74, 0xfe, 0xbe, 0x85, 0x03, 0x35,
  0x84, 0xfe, 0xef, 0xe0, 0xdf, 0xce, 0x01, 0x00, 0xe2, 0x60, 0x42, 0x64,
  0x05, 0x61, 0x82, 0x80, 0x79, 0x71, 0x06, 0xf4, 0x22, 0xf0, 0x00, 0x18,
  0x23, 0x3c, 0xa4, 0xfc, 0x83, 0x37, 0x84, 0xfd, 0x83, 0xd7, 0x87, 0x01,
  0xdd, 0xcb, 0x83, 0x37, 0x84, 0xfd, 0x9c, 0x73, 0x03, 0x37, 0x84, 0xfd,
  0x03, 0x57, 0x87, 0x01, 0xba, 0x97, 0x23, 0x80, 0x07, 0x00, 0x83, 0x37,
  0x84, 0xfd, 0x83, 0xc7, 0x07, 0x0b, 0x85, 0x8b, 0x93, 0xf7, 0xf7, 0x0f,
  0xc1, 0xc7, 0x03, 0x35, 0x84, 0xfd, 0xef, 0xf0, 0x9f, 0xca, 0x03, 0x35,
  0x84, 0xfd, 0xef, 0xf0, 0x8f, 0x97, 0x83, 0x37, 0x84, 0xfd, 0x23, 0x9d,
  0x07, 0x00, 0x83, 0x37, 0x84, 0xfd, 0x03, 0xd7, 0xa7, 0x01, 0x83, 0x37,
  0x84, 0xfd, 0x23, 0x9c, 0xe7, 0x00, 0x83, 0x37, 0x84, 0xfd, 0x83, 0xd7,
  0xa7, 0x06, 0xb5, 0xc3, 0x97, 0x15, 0x00, 0x00, 0x93, 0x85, 0x85, 0x75,
  0x03, 0x35, 0x84, 0xfd, 0xef, 0xe0, 0x6f, 0x80, 0x83, 0x37, 0x84, 0xfd,
  0x98, 0x77, 0x83, 0x37, 0x84, 0xfd, 0xdc, 0x73, 0x81, 0x46, 0x3e, 0x86,
  0xba, 0x85, 0x03, 0x35, 0x84, 0xfd, 0xef, 0xf0, 0xef, 0xbb, 0x23, 0x34,
  0xa4, 0xfe, 0x83, 0x37, 0x84, 0xfe, 0x81, 0xcb, 0x83, 0x35, 0x84, 0xfe,
  0x03, 0x35, 0x84, 0xfd, 0xef, 0xf0, 0x5f, 0x8d, 0x15, 0xa0, 0x93, 0x87,
  0x81, 0x09, 0x9c, 0x7b, 0xbe, 0x85, 0x03, 0x35, 0x84, 0xfd, 0xef, 0xd0,
  0x5f, 0xfc, 0x09, 0xa8, 0x03, 0x35, 0x84, 0xfd, 0xef, 0xf0, 0x1f, 0xa2,
  0x21, 0xa0, 0x01, 0x00, 0x11, 0xa0, 0x01, 0x00, 0xa2, 0x70, 0x02, 0x74,
  0x45, 0x61, 0x82, 0x80, 0x01, 0x11, 0x06, 0xec, 0x22, 0xe8, 0x00, 0x10,
  0x23, 0x34, 0xa4, 0xfe, 0x85, 0x45, 0x03, 0x35, 0x84, 0xfe, 0xef, 0xf0,
  0xff, 0xce, 0x01, 0x00, 0xe2, 0x60, 0x42, 0x64, 0x05, 0x61, 0x82, 0x80,
  0x01, 0x11, 0x06, 0xec, 0x22, 0xe8, 0x00, 0x10, 0x23, 0x34, 0xa4, 0xfe,
  0xfd, 0x55, 0x03, 0x35, 0x84, 0xfe, 0xef, 0xf0, 0xff, 0xcc, 0x01, 0x00,
  0xe2, 0x60, 0x42, 0x64, 0x05, 0x61, 0x82, 0x80, 0x01, 0x11, 0x06, 0xec,
  0x22, 0xe8, 0x00, 0x10, 0x23, 0x34, 0xa4, 0xfe, 0x83, 0x37, 0x84, 0xfe,
  0x03, 0xd7, 0xa7, 0x01, 0x83, 0x37, 0x84, 0xfe, 0x83, 0xd7, 0x87, 0x01,
  0x01, 0x27, 0x81, 0x27, 0x63, 0x7a, 0xf7, 0x02, 0x83, 0x37, 0x84, 0xfe,
  0x98, 0x73, 0x83, 0x37, 0x84, 0xfe, 0x83, 0xd7, 0xa7, 0x01, 0x9b, 0x86,
  0x17, 0x00, 0x13, 0x96, 0x06, 0x03, 0x41, 0x92, 0x83, 0x36, 0x84, 0xfe,
  0x23, 0x9d, 0xc6, 0x00, 0xba, 0x97, 0x83, 0xc7, 0x07, 0x00, 0xbe, 0x85,
  0x03, 0x35, 0x84, 0xfe, 0xef, 0xd0, 0xbf, 0xee, 0x01, 0x00, 0xe2, 0x60,
  0x42, 0x64, 0x05, 0x61, 0x82, 0x80, 0x01, 0x11, 0x06, 0xec, 0x22, 0xe8,
  0x00, 0x10, 0x23, 0x34, 0xa4, 0xfe, 0x83, 0x37, 0x84, 0xfe, 0x83, 0xd7,
  0xa7, 0x01, 0x95, 0xc3, 0xa1, 0x45, 0x03, 0x35, 0x84, 0xfe, 0xef, 0xd0,
  0x1f, 0xec, 0x83, 0x37, 0x84, 0xfe, 0x83, 0xd7, 0xa7, 0x01, 0xfd, 0x37,
  0x13, 0x97, 0x07, 0x03, 0x41, 0x93, 0x83, 0x37, 0x84, 0xfe, 0x23, 0x9d,
  0xe7, 0x00, 0x01, 0x00, 0xe2, 0x60, 0x42, 0x64, 0x05, 0x61, 0x82, 0x80,
  0x5d, 0x71, 0x86, 0xe4, 0xa2, 0xe0, 0x26, 0xfc, 0x80, 0x08, 0x23, 0x3c,
  0xa4, 0xfa, 0x83, 0x37, 0x84, 0xfb, 0x83, 0xd7, 0x87, 0x06, 0x23, 0x1e,
  0xf4, 0xfc, 0x23, 0x1f, 0x04, 0xfc, 0x23, 0x1d, 0x04, 0xfc, 0x83, 0x37,
  0x84, 0xfb, 0x83, 0xd7, 0x87, 0x01, 0x99, 0xeb, 0x03, 0x35, 0x84, 0xfb,
  0xef, 0xe0, 0x9f, 0xa2, 0x85, 0x45, 0x03, 0x35, 0x84, 0xfb, 0xef, 0xd0,
  0x3f, 0xfc, 0x39, 0xac, 0x83, 0x37, 0x84, 0xfb, 0x83, 0xd7, 0x87, 0x01,
  0x63, 0x8a, 0x07, 0x20, 0x83, 0x37, 0x84, 0xfb, 0x9c, 0x73, 0x03, 0x37,
  0x84, 0xfb, 0x03, 0x57, 0x87, 0x01, 0xba, 0x97, 0x23, 0x80, 0x07, 0x00,
  0x83, 0x37, 0x84, 0xfb, 0xdc, 0x73, 0x23, 0x38, 0xf4, 0xfc, 0x23, 0x1c,
  0x04, 0xfc, 0x09, 0xaa, 0x83, 0x17, 0x84, 0xfd, 0x96, 0x07, 0x03, 0x37,
  0x04, 0xfd, 0xba, 0x97, 0xbe, 0x85, 0x03, 0x35, 0x84, 0xfb, 0xef, 0xe0,
  0xef, 0x88, 0xaa, 0x87, 0x63, 0x93, 0x07, 0x0e, 0x83, 0x37, 0x84, 0xfb,
  0x84, 0x73, 0x83, 0x17, 0x84, 0xfd, 0x96, 0x07, 0x03, 0x37, 0x04, 0xfd,
  0xba, 0x97, 0x3e, 0x85, 0xef, 0xe0, 0xaf, 0xbb, 0xaa, 0x87, 0xbe, 0x85,
  0x26, 0x85, 0xef, 0xe0, 0xef, 0xb2, 0xaa, 0x87, 0x3e, 0x87, 0x83, 0x37,
  0x84, 0xfb, 0x83, 0xd7, 0x87, 0x01, 0x01, 0x27, 0x81, 0x27, 0x63, 0x18,
  0xf7, 0x0a, 0x83, 0x57, 0xa4, 0xfd, 0x81, 0x27, 0xd1, 0xcb, 0x83, 0x57,
  0xa4, 0xfd, 0x1b, 0x87, 0x07, 0x00, 0x85, 0x47, 0x63, 0x1a, 0xf7, 0x00,
  0x97, 0x15, 0x00, 0x00, 0x93, 0x85, 0x45, 0x53, 0x03, 0x35, 0x84, 0xfb,
  0xef, 0xd0, 0x3f, 0xde, 0x83, 0x57, 0xe4, 0xfd, 0x96, 0x07, 0x03, 0x37,
  0x04, 0xfd, 0xba, 0x97, 0xbe, 0x85, 0x03, 0x35, 0x84, 0xfb, 0xef, 0xe0,
  0xcf, 0xc8, 0x83, 0x57, 0xe4, 0xfd, 0x96, 0x07, 0x03, 0x37, 0x04, 0xfd,
  0xba, 0x97, 0x3e, 0x85, 0xef, 0xe0, 0xef, 0xb4, 0xaa, 0x84, 0x83, 0x17,
  0x84, 0xfd, 0x96, 0x07, 0x03, 0x37, 0x04, 0xfd, 0xba, 0x97, 0x3e, 0x85,
  0xef, 0xe0, 0xaf, 0xb3, 0xaa, 0x87, 0xbe, 0x85, 0x26, 0x85, 0xef, 0xe0,
  0xef, 0xaa, 0xaa, 0x87, 0x23, 0x17, 0xf4, 0xfc, 0x83, 0x57, 0xe4, 0xfc,
  0x3e, 0x86, 0x83, 0x57, 0xc4, 0xfd, 0x9b, 0x96, 0x07, 0x01, 0x9b, 0xd6,
  0x06, 0x01, 0x1b, 0x17, 0x06, 0x01, 0x1b, 0x57, 0x07, 0x01, 0x81, 0x26,
  0x01, 0x27, 0x63, 0x73, 0xd7, 0x00, 0xb2, 0x87, 0x23, 0x1e, 0xf4, 0xfc,
  0x83, 0x57, 0x84, 0xfd, 0x23, 0x1f, 0xf4, 0xfc, 0x83, 0x57, 0xa4, 0xfd,
  0x85, 0x27, 0x23, 0x1d, 0xf4, 0xfc, 0x83, 0x17, 0x84, 0xfd, 0xc2, 0x17,
  0xc1, 0x93, 0x85, 0x27, 0xc2, 0x17, 0xc1, 0x93, 0x23, 0x1c, 0xf4, 0xfc,
  0x83, 0x17, 0x84, 0xfd, 0x1b, 0x87, 0x07, 0x00, 0x83, 0x37, 0x84, 0xfb,
  0x83, 0xd7, 0x87, 0x0a, 0x81, 0x27, 0xe3, 0x4f, 0xf7, 0xec, 0x83, 0x57,
  0xa4, 0xfd, 0x81, 0x27, 0xdd, 0xcf, 0x83, 0x57, 0xa4, 0xfd, 0x1b, 0x87,
  0x07, 0x00, 0x85, 0x47, 0x63, 0x16, 0xf7, 0x00, 0x03, 0x35, 0x84, 0xfb,
  0xef, 0xe0, 0x5f, 0x90, 0x83, 0x57, 0xa4, 0xfd, 0x81, 0x27, 0x85, 0xcb,
  0x83, 0x37, 0x84, 0xfb, 0x84, 0x73, 0x83, 0x57, 0xe4, 0xfd, 0x96, 0x07,
  0x03, 0x37, 0x04, 0xfd, 0xba, 0x97, 0x3e, 0x85, 0xef, 0xe0, 0xaf, 0xa8,
  0xaa, 0x87, 0xbe, 0x85, 0x26, 0x85, 0xef, 0xe0, 0x6f, 0x99, 0xaa, 0x87,
  0x3e, 0x87, 0x83, 0x37, 0x84, 0xfb, 0x23, 0x9c, 0xe7, 0x00, 0x83, 0x57,
  0xa4, 0xfd, 0x1b, 0x87, 0x07, 0x00, 0x85, 0x47, 0x63, 0xf8, 0xe7, 0x02,
  0x83, 0x57, 0xe4, 0xfd, 0x96, 0x07, 0x03, 0x37, 0x04, 0xfd, 0xba, 0x97,
  0xbe, 0x85, 0x03, 0x35, 0x84, 0xfb, 0xef, 0xe0, 0xcf, 0xb7, 0x85, 0x45,
  0x03, 0x35, 0x84, 0xfb, 0xef, 0xd0, 0x9f, 0xde, 0x83, 0x37, 0x84, 0xfb,
  0x03, 0x57, 0xc4, 0xfd, 0x23, 0x9c, 0xe7, 0x00, 0x83, 0x37, 0x84, 0xfb,
  0x9c, 0x73, 0x03, 0x37, 0x84, 0xfb, 0x03, 0x57, 0x87, 0x01, 0xba, 0x97,
  0x23, 0x80, 0x07, 0x00, 0x83, 0x37, 0x84, 0xfb, 0x03, 0xd7, 0x87, 0x01,
  0x83, 0x37, 0x84, 0xfb, 0x23, 0x9d, 0xe7, 0x00, 0x83, 0x37, 0x84, 0xfb,
  0x9c, 0x73, 0xbe, 0x85, 0x03, 0x35, 0x84, 0xfb, 0xef, 0xd0, 0x3f, 0xc7,
  0x11, 0xa0, 0x01, 0x00, 0xa6, 0x60, 0x06, 0x64, 0xe2, 0x74, 0x61, 0x61,
  0x82, 0x80, 0x01, 0x11, 0x06, 0xec, 0x22, 0xe8, 0x00, 0x10, 0x23, 0x34,
  0xa4, 0xfe, 0x85, 0x45, 0x03, 0x35, 0x84, 0xfe, 0xef, 0xe0, 0x9f, 0xb1,
  0x01, 0x00, 0xe2, 0x60, 0x42, 0x64, 0x05, 0x61, 0x82, 0x80, 0x01, 0x11,
  0x06, 0xec, 0x22, 0xe8, 0x00, 0x10, 0x23, 0x34, 0xa4, 0xfe, 0xfd, 0x55,
  0x03, 0x35, 0x84, 0xfe, 0xef, 0xe0, 0x9f, 0xaf, 0x01, 0x00, 0xe2, 0x60,
  0x42, 0x64, 0x05, 0x61, 0x82, 0x80, 0x01, 0x11, 0x06, 0xec, 0x22, 0xe8,
  0x00, 0x10, 0x23, 0x34, 0xa4, 0xfe, 0x03, 0x35, 0x84, 0xfe, 0xef, 0xf0,
  0x3f, 0xb9, 0x85, 0x45, 0x03, 0x35, 0x84, 0xfe, 0xef, 0xd0, 0xdf, 0xd3,
  0x01, 0x00, 0xe2, 0x60, 0x42, 0x64, 0x05, 0x61, 0x82, 0x80, 0x79, 0x71,
  0x06, 0xf4, 0x22, 0xf0, 0x00, 0x18, 0x23, 0x3c, 0xa4, 0xfc, 0x23, 0x38,
  0xb4, 0xfc, 0x83, 0x37, 0x84, 0xfd, 0xdc, 0x73, 0x81, 0x46, 0x3e, 0x86,
  0x83, 0x35, 0x04, 0xfd, 0x03, 0x35, 0x84, 0xfd, 0xef, 0xe0, 0x9f, 0xfa,
  0x23, 0x34, 0xa4, 0xfe, 0x83, 0x37, 0x84, 0xfe, 0xb1, 0xcf, 0x93, 0x87,
  0x81, 0x09, 0xbc, 0x6f, 0xbe, 0x85, 0x03, 0x35, 0x84, 0xfd, 0xef, 0xd0,
  0xdf, 0xbb, 0x03, 0x35, 0x84, 0xfe, 0xef, 0xe0, 0x8f, 0x94, 0xaa, 0x87,
  0xbe, 0x85, 0x03, 0x35, 0x84, 0xfd, 0xef, 0xd0, 0x9f, 0xba, 0x97, 0x15,
  0x00, 0x00, 0x93, 0x85, 0xa5, 0x2e, 0x03, 0x35, 0x84, 0xfd, 0xef, 0xd0,
  0x9f, 0xb9, 0x03, 0x35, 0x84, 0xfe, 0xef, 0xe0, 0xaf, 0x9d, 0xaa, 0x87,
  0xbe, 0x85, 0x03, 0x35, 0x84, 0xfd, 0xef, 0xd0, 0x5f, 0xb8, 0x97, 0x15,
  0x00, 0x00, 0x93, 0x85, 0x65, 0x2c, 0x03, 0x35, 0x84, 0xfd, 0xef, 0xd0,
  0x5f, 0xb7, 0x09, 0xa8, 0x93, 0x87, 0x81, 0x09, 0x9c, 0x7b, 0xbe, 0x85,
  0x03, 0x35, 0x84, 0xfd, 0xef, 0xd0, 0x3f, 0xb6, 0x01, 0x00, 0xa2, 0x70,
  0x02, 0x74, 0x45, 0x61, 0x82, 0x80, 0x79, 0x71, 0x06, 0xf4, 0x22, 0xf0,
  0x00, 0x18, 0xaa, 0x87, 0x23, 0x38, 0xb4, 0xfc, 0x23, 0x2e, 0xf4, 0xfc,
  0xef, 0xd0, 0xdf, 0xa9, 0x23, 0x34, 0xa4, 0xfe, 0x83, 0x37, 0x84, 0xfe,
  0x8d, 0xcf, 0x83, 0x27, 0xc4, 0xfd, 0x1b, 0x87, 0x07, 0x00, 0x85, 0x47,
  0x63, 0x17, 0xf7, 0x00, 0x03, 0x35, 0x84, 0xfe, 0xef, 0xe0, 0x4f, 0xeb,
  0x0d, 0xa0, 0x83, 0x27, 0xc4, 0xfd, 0x1b, 0x87, 0x07, 0x00, 0x85, 0x47,
  0x63, 0xdb, 0xe7, 0x00, 0x83, 0x37, 0x04, 0xfd, 0xa1, 0x07, 0x9c, 0x63,
  0xbe, 0x85, 0x03, 0x35, 0x84, 0xfe, 0xef, 0xf0, 0x9f, 0xf0, 0xa2, 0x70,
  0x02, 0x74, 0x45, 0x61, 0x82, 0x80, 0x39, 0x71, 0x06, 0xfc, 0x22, 0xf8,
  0x80, 0x00, 0x23, 0x34, 0xa4, 0xfc, 0xae, 0x87, 0xa3, 0x03, 0xf4, 0xfc,
  0x83, 0x47, 0x74, 0xfc, 0x93, 0xf7, 0xf7, 0x0f, 0x63, 0x85, 0x07, 0x1e,
  0xe1, 0x47, 0xa3, 0x07, 0xf4, 0xfe, 0x23, 0x24, 0x04, 0xfe, 0x83, 0x37,
  0x84, 0xfc, 0xf8, 0x57, 0xc1, 0x67, 0x93, 0x87, 0x07, 0xf0, 0xf9, 0x8f,
  0x81, 0x27, 0x81, 0xcb, 0xa3, 0x07, 0x04, 0xfe, 0x93, 0x07, 0x00, 0xf0,
  0x23, 0x24, 0xf4, 0xfe, 0x3d, 0xa8, 0x83, 0x37, 0x84, 0xfc, 0xf8, 0x57,
  0xb7, 0x07, 0xff, 0x00, 0xf9, 0x8f, 0x81, 0x27, 0x81, 0xcb, 0xa1, 0x47,
  0xa3, 0x07, 0xf4, 0xfe, 0xc1, 0x77, 0x23, 0x24, 0xf4, 0xfe, 0x05, 0xa0,
  0x83, 0x37, 0x84, 0xfc, 0xfc, 0x57, 0x3e, 0x87, 0xb7, 0x07, 0x00, 0x01,
  0x63, 0x69, 0xf7, 0x00, 0xc1, 0x47, 0xa3, 0x07, 0xf4, 0xfe, 0xb7, 0x07,
  0x00, 0xff, 0x23, 0x24, 0xf4, 0xfe, 0x83, 0x37, 0x84, 0xfc, 0xdc, 0x73,
  0x23, 0x3c, 0xf4, 0xfc, 0x23, 0x13, 0x04, 0xfe, 0x35, 0xaa, 0x83, 0x17,
  0x64, 0xfe, 0x96, 0x07, 0x03, 0x37, 0x84, 0xfd, 0xba, 0x97, 0x9c, 0x43,
  0x3e, 0x87, 0x85, 0x67, 0x93, 0x87, 0x07, 0xf0, 0xf9, 0x8f, 0x1b, 0x87,
  0x07, 0x00, 0x85, 0x67, 0x93, 0x87, 0x07, 0x90, 0x63, 0x13, 0xf7, 0x10,
  0x83, 0x17, 0x64, 0xfe, 0x96, 0x07, 0x03, 0x37, 0x84, 0xfd, 0xba, 0x97,
  0xbe, 0x85, 0x03, 0x35, 0x84, 0xfc, 0xef, 0xd0, 0x3f, 0xc7, 0xaa, 0x87,
  0xed, 0xe7, 0x83, 0x17, 0x64, 0xfe, 0x96, 0x07, 0x03, 0x37, 0x84, 0xfd,
  0xba, 0x97, 0x9c, 0x47, 0x03, 0x27, 0x84, 0xfe, 0xf9, 0x8f, 0x1b, 0x87,
  0x07, 0x00, 0x83, 0x37, 0x84, 0xfc, 0xfc, 0x57, 0x63, 0x15, 0xf7, 0x0c,
  0x83, 0x17, 0x64, 0xfe, 0x96, 0x07, 0x03, 0x37, 0x84, 0xfd, 0xba, 0x97,
  0x98, 0x47, 0x83, 0x47, 0xf4, 0xfe, 0x81, 0x27, 0x93, 0x06, 0xf0, 0x0f,
  0xbb, 0x97, 0xf6, 0x00, 0x81, 0x27, 0xf9, 0x8f, 0x1b, 0x87, 0x07, 0x00,
  0x83, 0x47, 0x74, 0xfc, 0x9b, 0x86, 0x07, 0x00, 0x83, 0x47, 0xf4, 0xfe,
  0x81, 0x27, 0xbb, 0x97, 0xf6, 0x00, 0x81, 0x27, 0x63, 0x17, 0xf7, 0x08,
  0x83, 0x37, 0x84, 0xfc, 0xf8, 0x57, 0x83, 0x47, 0x74, 0xfc, 0x9b, 0x86,
  0x07, 0x00, 0x83, 0x47, 0xf4, 0xfe, 0x81, 0x27, 0xbb, 0x97, 0xf6, 0x00,
  0x81, 0x27, 0xd9, 0x8f, 0x1b, 0x87, 0x07, 0x00, 0x83, 0x37, 0x84, 0xfc,
  0xf8, 0xd7, 0xa3, 0x03, 0x04, 0xfc, 0x83, 0x47, 0xf4, 0xfe, 0x93, 0xf7,
  0xf7, 0x0f, 0x8d, 0xc7, 0x83, 0x17, 0x64, 0xfe, 0x96, 0x07, 0x03, 0x37,
  0x84, 0xfd, 0xba, 0x97, 0x98, 0x47, 0x83, 0x47, 0xf4, 0xfe, 0x81, 0x27,
  0xe1, 0x37, 0x81, 0x27, 0x93, 0x06, 0xf0, 0x0f, 0xbb, 0x97, 0xf6, 0x00,
  0x81, 0x27, 0xf9, 0x8f, 0x81, 0x27, 0x85, 0xeb, 0x83, 0x17, 0x64, 0xfe,
  0x96, 0x07, 0x03, 0x37, 0x84, 0xfd, 0xba, 0x97, 0x9c, 0x6b, 0x99, 0xcb,
  0x83, 0x17, 0x64, 0xfe, 0x96, 0x07, 0x03, 0x37, 0x84, 0xfd, 0xba, 0x97,
  0x9c, 0x6b, 0x03, 0x35, 0x84, 0xfc, 0x82, 0x97, 0x83, 0x37, 0x84, 0xfc,
  0x23, 0xa6, 0x07, 0x06, 0x2d, 0xa0, 0x83, 0x17, 0x64, 0xfe, 0xc2, 0x17,
  0xc1, 0x93, 0x85, 0x27, 0xc2, 0x17, 0xc1, 0x93, 0x23, 0x13, 0xf4, 0xfe,
  0x83, 0x17, 0x64, 0xfe, 0x1b, 0x87, 0x07, 0x00, 0x83, 0x37, 0x84, 0xfc,
  0x83, 0xd7, 0x87, 0x0a, 0x81, 0x27, 0xe3, 0x4a, 0xf7, 0xea, 0x83, 0x47,
  0x74, 0xfc, 0x93, 0xf7, 0xf7, 0x0f, 0x81, 0xcf, 0x83, 0x37, 0x84, 0xfc,
  0x23, 0xa6, 0x07, 0x06, 0x83, 0x47, 0x74, 0xfc, 0xbe, 0x85, 0x03, 0x35,
  0x84, 0xfc, 0xef, 0xf0, 0xff, 0x83, 0xe2, 0x70, 0x42, 0x74, 0x21, 0x61,
  0x82, 0x80, 0x79, 0x71, 0x06, 0xf4, 0x22, 0xf0, 0x00, 0x18, 0x23, 0x3c,
  0xa4, 0xfc, 0x83, 0x37, 0x84, 0xfd, 0x23, 0x34, 0xf4, 0xfe, 0x83, 0x37,
  0x84, 0xfe, 0xdc, 0x7f, 0xed, 0xdf, 0x83, 0x37, 0x84, 0xfe, 0xdc, 0x7f,
  0x13, 0x07, 0x74, 0xfe, 0x85, 0x45, 0x3a, 0x85, 0x82, 0x97, 0xaa, 0x87,
  0x3e, 0x87, 0x85, 0x47, 0xe3, 0x11, 0xf7, 0xfe, 0x83, 0x47, 0x74, 0xfe,
  0xbe, 0x85, 0x03, 0x35, 0x84, 0xfe, 0xef, 0xf0, 0x5f, 0xdb, 0xc1, 0xbf,
  0x01, 0x11, 0x06, 0xec, 0x22, 0xe8, 0x00, 0x10, 0xef, 0xd0, 0x4f, 0xff,
  0x23, 0x34, 0xa4, 0xfe, 0x83, 0x37, 0x84, 0xfe, 0x89, 0xc7, 0x03, 0x35,
  0x84, 0xfe, 0xef, 0xe0, 0x2f, 0xa8, 0x01, 0x00, 0xe2, 0x60, 0x42, 0x64,
  0x05, 0x61, 0x82, 0x80, 0x01, 0x11, 0x06, 0xec, 0x22, 0xe8, 0x00, 0x10,
  0xef, 0xd0, 0xcf, 0xfc, 0x23, 0x34, 0xa4, 0xfe, 0x83, 0x37, 0x84, 0xfe,
  0x89, 0xc7, 0x03, 0x35, 0x84, 0xfe, 0xef, 0xe0, 0x0f, 0x8e, 0x01, 0x00,
  0xe2, 0x60, 0x42, 0x64, 0x05, 0x61, 0x82, 0x80, 0x01, 0x11, 0x06, 0xec,
  0x22, 0xe8, 0x00, 0x10, 0xef, 0xd0, 0x4f, 0xfa, 0x23, 0x34, 0xa4, 0xfe,
  0x83, 0x37, 0x84, 0xfe, 0x89, 0xc7, 0x03, 0x35, 0x84, 0xfe, 0xef, 0xe0,
  0x6f, 0x96, 0x01, 0x00, 0xe2, 0x60, 0x42, 0x64, 0x05, 0x61, 0x82, 0x80,
  0x01, 0x11, 0x06, 0xec, 0x22, 0xe8, 0x00, 0x10, 0xef, 0xd0, 0xcf, 0xf7,
  0x23, 0x34, 0xa4, 0xfe, 0x83, 0x37, 0x84, 0xfe, 0x89, 0xc7, 0x03, 0x35,
  0x84, 0xfe, 0xef, 0xe0, 0x6f, 0xad, 0x01, 0x00, 0xe2, 0x60, 0x42, 0x64,
  0x05, 0x61, 0x82, 0x80, 0x01, 0x11, 0x06, 0xec, 0x22, 0xe8, 0x00, 0x10,
  0xef, 0xd0, 0x4f, 0xf5, 0x23, 0x34, 0xa4, 0xfe, 0x83, 0x37, 0x84, 0xfe,
  0x89, 0xcb, 0x93, 0x87, 0x81, 0x09, 0xbc, 0x7b, 0xbe, 0x85, 0x03, 0x35,
  0x84, 0xfe, 0xef, 0xd0, 0x0f, 0xfe, 0x01, 0x00, 0xe2, 0x60, 0x42, 0x64,
  0x05, 0x61, 0x82, 0x80, 0x79, 0x71, 0x06, 0xf4, 0x22, 0xf0, 0x00, 0x18,
  0x23, 0x3c, 0xa4, 0xfc, 0x23, 0x38, 0xb4, 0xfc, 0x83, 0x37, 0x84, 0xfd,
  0x81, 0xc7, 0x83, 0x37, 0x04, 0xfd, 0x99, 0xe3, 0xfd, 0x57, 0x41, 0xa8,
  0x83, 0x37, 0x84, 0xfd, 0xdc, 0x7b, 0x85, 0x83, 0x85, 0x8b, 0x93, 0xf7,
  0xf7, 0x0f, 0xa3, 0x07, 0xf4, 0xfe, 0x03, 0x35, 0x04, 0xfd, 0xef, 0x00,
  0xb0, 0x29, 0x2a, 0x87, 0x83, 0x37, 0x84, 0xfd, 0x83, 0xd7, 0x87, 0x06,
  0x81, 0x27, 0xfd, 0x37, 0x81, 0x27, 0x63, 0xfc, 0xe7, 0x00, 0x93, 0x87,
  0x81, 0x09, 0x9c, 0x67, 0xbe, 0x85, 0x03, 0x35, 0x84, 0xfd, 0xef, 0xd0,
  0x8f, 0xf7, 0xfd, 0x57, 0xb9, 0xa0, 0x83, 0x37, 0x84, 0xfd, 0x9c, 0x73,
  0x83, 0x35, 0x04, 0xfd, 0x3e, 0x85, 0xef, 0xd0, 0xff, 0xc0, 0xaa, 0x87,
  0x3e, 0x87, 0x83, 0x37, 0x84, 0xfd, 0x23, 0x9c, 0xe7, 0x00, 0x03, 0x35,
  0x84, 0xfd, 0xef, 0xf0, 0x2f, 0xed, 0x83, 0x47, 0xf4, 0xfe, 0x85, 0x8b,
  0x13, 0xf7, 0xf7, 0x0f, 0x83, 0x37, 0x84, 0xfd, 0x05, 0x8b, 0x1b, 0x17,
  0x17, 0x00, 0x3a, 0x86, 0x03, 0xc7, 0x07, 0x0b, 0x75, 0x9b, 0xba, 0x86,
  0x32, 0x87, 0x55, 0x8f, 0x23, 0x88, 0xe7, 0x0a, 0x81, 0x47, 0x3e, 0x85,
  0xa2, 0x70, 0x02, 0x74, 0x45, 0x61, 0x82, 0x80, 0x79, 0x71, 0x06, 0xf4,
  0x22, 0xf0, 0x00, 0x18, 0x23, 0x3c, 0xa4, 0xfc, 0x83, 0x37, 0x84, 0xfd,
  0x23, 0x34, 0xf4, 0xfe, 0x23, 0x22, 0x04, 0xfe, 0x83, 0x37, 0x84, 0xfe,
  0x83, 0xc7, 0x07, 0x00, 0x3e, 0x87, 0x93, 0x07, 0x00, 0x03, 0x63, 0x1a,
  0xf7, 0x02, 0x83, 0x37, 0x84, 0xfe, 0x85, 0x07, 0x83, 0xc7, 0x07, 0x00,
  0x3e, 0x87, 0x93, 0x07, 0x80, 0x07, 0x63, 0x0c, 0xf7, 0x00, 0x83, 0x37,
  0x84, 0xfe, 0x85, 0x07, 0x83, 0xc7, 0x07, 0x00, 0x3e, 0x87, 0x93, 0x07,
  0x80, 0x05, 0x63, 0x16, 0xf7, 0x00, 0x8d, 0x47, 0x23, 0x22, 0xf4, 0xfe,
  0xb1, 0xa8, 0x83, 0x37, 0x84, 0xfe, 0x83, 0xc7, 0x07, 0x00, 0x3e, 0x87,
  0x93, 0x07, 0x00, 0x03, 0x63, 0x1a, 0xf7, 0x02, 0x83, 0x37, 0x84, 0xfe,
  0x85, 0x07, 0x83, 0xc7, 0x07, 0x00, 0x3e, 0x87, 0x93, 0x07, 0x20, 0x06,
  0x63, 0x0c, 0xf7, 0x00, 0x83, 0x37, 0x84, 0xfe, 0x85, 0x07, 0x83, 0xc7,
  0x07, 0x00, 0x3e, 0x87, 0x93, 0x07, 0x20, 0x04, 0x63, 0x16, 0xf7, 0x00,
  0x85, 0x47, 0x23, 0x22, 0xf4, 0xfe, 0x29, 0xa8, 0x83, 0x37, 0x84, 0xfe,
  0x83, 0xc7, 0x07, 0x00, 0x3e, 0x87, 0x93, 0x07, 0x00, 0x03, 0x63, 0x19,
  0xf7, 0x02, 0x89, 0x47, 0x23, 0x22, 0xf4, 0xfe, 0x25, 0xa0, 0x83, 0x37,
  0x84, 0xfe, 0x83, 0xc7, 0x07, 0x00, 0x3e, 0x87, 0x93, 0x07, 0xe0, 0x02,
  0x63, 0x1c, 0xf7, 0x00, 0x83, 0x37, 0x84, 0xfe, 0x85, 0x07, 0x83, 0xc7,
  0x07, 0x00, 0x89, 0xc7, 0x91, 0x47, 0x23, 0x22, 0xf4, 0xfe, 0x11, 0xa8,
  0x83, 0x37, 0x84, 0xfe, 0x13, 0x87, 0x17, 0x00, 0x23, 0x34, 0xe4, 0xfe,
  0x83, 0xc7, 0x07, 0x00, 0xe9, 0xf7, 0x83, 0x27, 0x44, 0xfe, 0x3e, 0x85,
  0xa2, 0x70, 0x02, 0x74, 0x45, 0x61, 0x82, 0x80, 0x01, 0x11, 0x06, 0xec,
  0x22, 0xe8, 0x00, 0x10, 0xaa, 0x87, 0xa3, 0x07, 0xf4, 0xfe, 0x83, 0x47,
  0xf4, 0xfe, 0x13, 0xf7, 0xf7, 0x0f, 0x93, 0x07, 0xf0, 0x02, 0x63, 0xf1,
  0xe7, 0x02, 0x83, 0x47, 0xf4, 0xfe, 0x13, 0xf7, 0xf7, 0x0f, 0x93, 0x07,
  0x90, 0x03, 0x63, 0xe9, 0xe7, 0x00, 0x83, 0x47, 0xf4, 0xfe, 0x9b, 0x87,
  0x07, 0xfd, 0x93, 0xf7, 0xf7, 0x0f, 0x85, 0xa0, 0x83, 0x47, 0xf4, 0xfe,
  0x13, 0xf7, 0xf7, 0x0f, 0x93, 0x07, 0x00, 0x06, 0x63, 0xf1, 0xe7, 0x02,
  0x83, 0x47, 0xf4, 0xfe, 0x13, 0xf7, 0xf7, 0x0f, 0x93, 0x07, 0x60, 0x06,
  0x63, 0xe9, 0xe7, 0x00, 0x83, 0x47, 0xf4, 0xfe, 0x9b, 0x87, 0x97, 0xfa,
  0x93, 0xf7, 0xf7, 0x0f, 0x0d, 0xa8, 0x83, 0x47, 0xf4, 0xfe, 0x13, 0xf7,
  0xf7, 0x0f, 0x93, 0x07, 0x00, 0x04, 0x63, 0xf1, 0xe7, 0x02, 0x83, 0x47,
  0xf4, 0xfe, 0x13, 0xf7, 0xf7, 0x0f, 0x93, 0x07, 0x60, 0x04, 0x63, 0xe9,
  0xe7, 0x00, 0x83, 0x47, 0xf4, 0xfe, 0x9b, 0x87, 0x97, 0xfc, 0x93, 0xf7,
  0xf7, 0x0f, 0x11, 0xa0, 0x81, 0x47, 0x3e, 0x85, 0xe2, 0x60, 0x42, 0x64,
  0x05, 0x61, 0x82, 0x80, 0x79, 0x71, 0x06, 0xf4, 0x22, 0xf0, 0x00, 0x18,
  0x23, 0x3c, 0xa4, 0xfc, 0x83, 0x37, 0x84, 0xfd, 0x85, 0x07, 0x23, 0x30,
  0xf4, 0xfe, 0xa3, 0x07, 0x04, 0xfe, 0x83, 0x37, 0x04, 0xfe, 0x83, 0xc7,
  0x07, 0x00, 0x3e, 0x87, 0x93, 0x07, 0xc0, 0x05, 0x63, 0x12, 0xf7, 0x08,
  0x83, 0x37, 0x04, 0xfe, 0x85, 0x07, 0x83, 0xc7, 0x07, 0x00, 0x81, 0x27,
  0x13, 0x07, 0x40, 0x07, 0x63, 0x8a, 0xe7, 0x04, 0x13, 0x07, 0x40, 0x07,
  0x63, 0x4d, 0xf7, 0x04, 0x13, 0x07, 0x20, 0x07, 0x63, 0x8a, 0xe7, 0x02,
  0x13, 0x07, 0x20, 0x07, 0x63, 0x45, 0xf7, 0x04, 0x13, 0x07, 0xe0, 0x06,
  0x63, 0x86, 0xe7, 0x02, 0x13, 0x07, 0xe0, 0x06, 0x63, 0x4d, 0xf7, 0x02,
  0x13, 0x07, 0x00, 0x03, 0x63, 0x86, 0xe7, 0x02, 0x13, 0x07, 0x20, 0x06,
  0x63, 0x95, 0xe7, 0x02, 0xa1, 0x47, 0xa3, 0x07, 0xf4, 0xfe, 0x2d, 0xa8,
  0xb5, 0x47, 0xa3, 0x07, 0xf4, 0xfe, 0x0d, 0xa8, 0xa9, 0x47, 0xa3, 0x07,
  0xf4, 0xfe, 0x2d, 0xa0, 0xa5, 0x47, 0xa3, 0x07, 0xf4, 0xfe, 0x0d, 0xa0,
  0xa3, 0x07, 0x04, 0xfe, 0x31, 0xa8, 0x83, 0x37, 0x04, 0xfe, 0x83, 0xc7,
  0x17, 0x00, 0xa3, 0x07, 0xf4, 0xfe, 0x39, 0xa0, 0x83, 0x37, 0x04, 0xfe,
  0x83, 0xc7, 0x07, 0x00, 0xa3, 0x07, 0xf4, 0xfe, 0x83, 0x47, 0xf4, 0xfe,
  0x3e, 0x85, 0xa2, 0x70, 0x02, 0x74, 0x45, 0x61, 0x82, 0x80, 0x39, 0x71,
  0x06, 0xfc, 0x22, 0xf8, 0x26, 0xf4, 0x80, 0x00, 0x23, 0x34, 0xa4, 0xfc,
  0x83, 0x37, 0x84, 0xfc, 0x23, 0x3c, 0xf4, 0xfc, 0x23, 0x1b, 0x04, 0xfc,
  0x83, 0x37, 0x84, 0xfc, 0x83, 0xc7, 0x07, 0x00, 0x3e, 0x87, 0x93, 0x07,
  0x20, 0x02, 0x63, 0x11, 0xf7, 0x0a, 0x83, 0x37, 0x84, 0xfc, 0x85, 0x07,
  0x23, 0x34, 0xf4, 0xfc, 0x83, 0x37, 0x84, 0xfc, 0x23, 0x3c, 0xf4, 0xfc,
  0x71, 0xa0, 0x83, 0x37, 0x84, 0xfd, 0x83, 0xc7, 0x07, 0x00, 0x3e, 0x87,
  0x93, 0x07, 0xc0, 0x05, 0x63, 0x18, 0xf7, 0x02, 0x83, 0x37, 0x84, 0xfd,
  0x93, 0x86, 0xf7, 0xff, 0x83, 0x57, 0x64, 0xfd, 0x03, 0x37, 0x84, 0xfc,
  0xb3, 0x04, 0xf7, 0x00, 0x36, 0x85, 0xef, 0xf0, 0x3f, 0xed, 0xaa, 0x87,
  0x23, 0x80, 0xf4, 0x00, 0x83, 0x37, 0x84, 0xfd, 0x85, 0x07, 0x23, 0x3c,
  0xf4, 0xfc, 0x2d, 0xa8, 0x83, 0x37, 0x84, 0xfd, 0x83, 0xc7, 0x07, 0x00,
  0x3e, 0x87, 0x93, 0x07, 0x20, 0x02, 0x63, 0x1a, 0xf7, 0x00, 0x83, 0x57,
  0x64, 0xfd, 0x03, 0x37, 0x84, 0xfc, 0xba, 0x97, 0x23, 0x80, 0x07, 0x00,
  0x21, 0xa8, 0x83, 0x57, 0x64, 0xfd, 0x03, 0x37, 0x84, 0xfc, 0xba, 0x97,
  0x03, 0x37, 0x84, 0xfd, 0x03, 0x47, 0x07, 0x00, 0x23, 0x80, 0xe7, 0x00,
  0x83, 0x37, 0x84, 0xfd, 0x85, 0x07, 0x23, 0x3c, 0xf4, 0xfc, 0x83, 0x57,
  0x64, 0xfd, 0x85, 0x27, 0x23, 0x1b, 0xf4, 0xfc, 0x83, 0x37, 0x84, 0xfd,
  0x83, 0xc7, 0x07, 0x00, 0xbd, 0xf7, 0x83, 0x57, 0x64, 0xfd, 0x03, 0x37,
  0x84, 0xfc, 0xba, 0x97, 0x23, 0x80, 0x07, 0x00, 0x83, 0x37, 0x84, 0xfc,
  0x3e, 0x85, 0xe2, 0x70, 0x42, 0x74, 0xa2, 0x74, 0x21, 0x61, 0x82, 0x80,
  0x1d, 0x71, 0x86, 0xec, 0xa2, 0xe8, 0xa6, 0xe4, 0x80, 0x10, 0x23, 0x34,
  0xa4, 0xfa, 0x23, 0x20, 0x04, 0xfc, 0xa9, 0x47, 0xa3, 0x0f, 0xf4, 0xfc,
  0x83, 0x37, 0x84, 0xfa, 0x23, 0x38, 0xf4, 0xfc, 0xa3, 0x07, 0x04, 0xfc,
  0x85, 0x47, 0x23, 0x07, 0xf4, 0xfc, 0x23, 0x24, 0x04, 0xfc, 0x23, 0x2e,
  0x04, 0xfa, 0x23, 0x22, 0x04, 0xfc, 0x83, 0x37, 0x84, 0xfa, 0x83, 0xc7,
  0x07, 0x00, 0x3e, 0x87, 0x93, 0x07, 0xd0, 0x02, 0x63, 0x15, 0xf7, 0x00,
  0xfd, 0x57, 0x23, 0x07, 0xf4, 0xfc, 0x83, 0x47, 0xe4, 0xfc, 0x13, 0xf7,
  0xf7, 0x0f, 0x93, 0x07, 0xf0, 0x0f, 0x63, 0x14, 0xf7, 0x00, 0x85, 0x47,
  0x11, 0xa0, 0x81, 0x47, 0x03, 0x37, 0x84, 0xfa, 0xba, 0x97, 0x3e, 0x85,
  0xef, 0xf0, 0xdf, 0xc3, 0xaa, 0x87, 0x23, 0x20, 0xf4, 0xfc, 0x83, 0x27,
  0x04, 0xfc, 0x93, 0xf7, 0xf7, 0x0f, 0x81, 0x27, 0x0d, 0x47, 0x63, 0x8c,
  0xe7, 0x00, 0x0d, 0x47, 0x63, 0x4e, 0xf7, 0x02, 0x05, 0x47, 0x63, 0x84,
  0xe7, 0x02, 0x09, 0x47, 0x63, 0x8a, 0xe7, 0x00, 0x35, 0xa0, 0xc1, 0x47,
  0xa3, 0x0f, 0xf4, 0xfc, 0x89, 0x47, 0xa3, 0x07, 0xf4, 0xfc, 0x05, 0xa0,
  0xa1, 0x47, 0xa3, 0x0f, 0xf4, 0xfc, 0x85, 0x47, 0xa3, 0x07, 0xf4, 0xfc,
  0x09, 0xa8, 0x89, 0x47, 0xa3, 0x0f, 0xf4, 0xfc, 0x89, 0x47, 0xa3, 0x07,
  0xf4, 0xfc, 0x11, 0xa0, 0x01, 0x00, 0x03, 0x47, 0xf4, 0xfc, 0x83, 0x47,
  0xe4, 0xfc, 0x93, 0xf6, 0xf7, 0x0f, 0x93, 0x07, 0xf0, 0x0f, 0x63, 0x94,
  0xf6, 0x00, 0x85, 0x47, 0x11, 0xa0, 0x81, 0x47, 0xba, 0x97, 0x03, 0x37,
  0x84, 0xfa, 0xba, 0x97, 0x23, 0x38, 0xf4, 0xfc, 0x85, 0xa8, 0x83, 0x37,
  0x04, 0xfd, 0x83, 0xc7, 0x07, 0x00, 0x3e, 0x87, 0x93, 0x07, 0xe0, 0x02,
  0x63, 0x1b, 0xf7, 0x00, 0x85, 0x47, 0x23, 0x22, 0xf4, 0xfc, 0x83, 0x37,
  0x04, 0xfd, 0x85, 0x07, 0x23, 0x38, 0xf4, 0xfc, 0xb1, 0xa0, 0x83, 0x47,
  0xf4, 0xfd, 0x81, 0x27, 0x03, 0x27, 0x84, 0xfc, 0xbb, 0x07, 0xf7, 0x02,
  0x9b, 0x84, 0x07, 0x00, 0x83, 0x37, 0x04, 0xfd, 0x83, 0xc7, 0x07, 0x00,
  0x3e, 0x85, 0xef, 0xf0, 0x7f, 0xc7, 0xaa, 0x87, 0x81, 0x27, 0xa5, 0x9f,
  0x23, 0x24, 0xf4, 0xfc, 0x83, 0x27, 0x44, 0xfc, 0x3e, 0x87, 0xba, 0x87,
  0x9b, 0x97, 0x27, 0x00, 0xb9, 0x9f, 0x9b, 0x97, 0x17, 0x00, 0x23, 0x22,
  0xf4, 0xfc, 0x83, 0x37, 0x04, 0xfd, 0x85, 0x07, 0x23, 0x38, 0xf4, 0xfc,
  0x83, 0x37, 0x04, 0xfd, 0x83, 0xc7, 0x07, 0x00, 0xc9, 0xf7, 0x83, 0x27,
  0x04, 0xfc, 0x1b, 0x87, 0x07, 0x00, 0x91, 0x47, 0x63, 0x1c, 0xf7, 0x02,
  0x83, 0x27, 0x44, 0xfc, 0x81, 0x27, 0x9d, 0xc7, 0x83, 0x27, 0x84, 0xfc,
  0x53, 0xf7, 0x17, 0xd0, 0x83, 0x27, 0x44, 0xfc, 0xd3, 0xf7, 0x17, 0xd0,
  0x53, 0x77, 0xf7, 0x18, 0x83, 0x07, 0xe4, 0xfc, 0xd3, 0xf7, 0x07, 0xd0,
  0xd3, 0x77, 0xf7, 0x10, 0x27, 0x2e, 0xf4, 0xfa, 0x93, 0x07, 0xc4, 0xfb,
  0x9c, 0x43, 0x09, 0xa8, 0x83, 0x07, 0xe4, 0xfc, 0x81, 0x27, 0x03, 0x27,
  0x84, 0xfc, 0xbb, 0x07, 0xf7, 0x02, 0x81, 0x27, 0x3e, 0x85, 0xe6, 0x60,
  0x46, 0x64, 0xa6, 0x64, 0x25, 0x61, 0x82, 0x80, 0x79, 0x71, 0x06, 0xf4,
  0x22, 0xf0, 0x00, 0x18, 0x23, 0x3c, 0xa4, 0xfc, 0x23, 0x38, 0xb4, 0xfc,
  0x83, 0x37, 0x04, 0xfd, 0x13, 0x87, 0x17, 0x00, 0x83, 0x37, 0x84, 0xfd,
  0xdc, 0x73, 0x81, 0x46, 0x3e, 0x86, 0xba, 0x85, 0x03, 0x35, 0x84, 0xfd,
  0xef, 0xe0, 0x8f, 0xda, 0x23, 0x34, 0xa4, 0xfe, 0x83, 0x37, 0x84, 0xfe,
  0x89, 0xcb, 0x83, 0x35, 0x84, 0xfe, 0x03, 0x35, 0x84, 0xfd, 0xef, 0xe0,
  0xcf, 0xe9, 0xaa, 0x87, 0x11, 0xa0, 0x81, 0x47, 0x3e, 0x85, 0xa2, 0x70,
  0x02, 0x74, 0x45, 0x61, 0x82, 0x80, 0x01, 0x11, 0x06, 0xec, 0x22, 0xe8,
  0x00, 0x10, 0x23, 0x34, 0xa4, 0xfe, 0x23, 0x30, 0xb4, 0xfe, 0x83, 0x37,
  0x04, 0xfe, 0x83, 0xc7, 0x07, 0x00, 0x3e, 0x87, 0x93, 0x07, 0x70, 0x02,
  0x63, 0x1f, 0xf7, 0x00, 0x83, 0x37, 0x04, 0xfe, 0x85, 0x07, 0x83, 0xc7,
  0x07, 0x00, 0x81, 0xcb, 0x03, 0x35, 0x04, 0xfe, 0xef, 0xf0, 0x1f, 0xc0,
  0xaa, 0x87, 0x81, 0x27, 0x71, 0xa0, 0x83, 0x37, 0x04, 0xfe, 0x83, 0xc7,
  0x07, 0x00, 0x3e, 0x87, 0x93, 0x07, 0xd0, 0x02, 0x63, 0x04, 0xf7, 0x02,
  0x83, 0x37, 0x04, 0xfe, 0x83, 0xc7, 0x07, 0x00, 0x3e, 0x87, 0x93, 0x07,
  0xf0, 0x02, 0x63, 0xf1, 0xe7, 0x02, 0x83, 0x37, 0x04, 0xfe, 0x83, 0xc7,
  0x07, 0x00, 0x3e, 0x87, 0x93, 0x07, 0x90, 0x03, 0x63, 0xe8, 0xe7, 0x00,
  0x03, 0x35, 0x04, 0xfe, 0xef, 0xf0, 0x5f, 0xd7, 0xaa, 0x87, 0xa9, 0xa0,
  0x83, 0x37, 0x04, 0xfe, 0x83, 0xc7, 0x07, 0x00, 0x3e, 0x87, 0x93, 0x07,
  0x40, 0x02, 0x63, 0x10, 0xf7, 0x02, 0x83, 0x37, 0x04, 0xfe, 0x85, 0x07,
  0x83, 0xc7, 0x07, 0x00, 0x89, 0xcb, 0x83, 0x35, 0x04, 0xfe, 0x03, 0x35,
  0x84, 0xfe, 0xef, 0xf0, 0xbf, 0xf0, 0xaa, 0x87, 0x31, 0xa8, 0x83, 0x37,
  0x04, 0xfe, 0x83, 0xc7, 0x07, 0x00, 0x81, 0xcb, 0x03, 0x35, 0x04, 0xfe,
  0xef, 0xf0, 0xff, 0xc3, 0xaa, 0x87, 0x81, 0x27, 0x11, 0xa0, 0x81, 0x47,
  0x3e, 0x85, 0xe2, 0x60, 0x42, 0x64, 0x05, 0x61, 0x82, 0x80, 0x1d, 0x71,
  0x86, 0xec, 0xa2, 0xe8, 0x80, 0x10, 0x23, 0x3c, 0xa4, 0xfa, 0x23, 0x38,
  0xb4, 0xfa, 0xb2, 0x87, 0x23, 0x30, 0xd4, 0xfa, 0x23, 0x26, 0xf4, 0xfa,
  0x23, 0x34, 0x04, 0xfc, 0x23, 0x38, 0x04, 0xfc, 0x23, 0x3c, 0x04, 0xfc,
  0x23, 0x30, 0x04, 0xfe, 0x83, 0x37, 0x04, 0xfb, 0x9c, 0x63, 0xc1, 0x83,
  0xbd, 0x8b, 0x93, 0xf7, 0xf7, 0x0f, 0x81, 0x27, 0x03, 0x27, 0xc4, 0xfa,
  0x01, 0x27, 0x63, 0xcc, 0xe7, 0x00, 0x83, 0x37, 0x04, 0xfb, 0x9c, 0x63,
  0xc1, 0x83, 0xbd, 0x8b, 0x93, 0xf7, 0xf7, 0x0f, 0x23, 0x26, 0xf4, 0xfe,
  0x31, 0xa0, 0x83, 0x27, 0xc4, 0xfa, 0xfd, 0x37, 0x23, 0x26, 0xf4, 0xfe,
  0x23, 0x24, 0x04, 0xfe, 0x25, 0xa8, 0x83, 0x27, 0x84, 0xfe, 0x85, 0x07,
  0x8e, 0x07, 0x03, 0x37, 0x04, 0xfa, 0xba, 0x97, 0x9c, 0x63, 0xbe, 0x85,
  0x03, 0x35, 0x84, 0xfb, 0xef, 0xf0, 0x3f, 0xeb, 0xaa, 0x87, 0xbe, 0x86,
  0x03, 0x27, 0x84, 0xfe, 0x93, 0x07, 0x84, 0xfc, 0x0a, 0x07, 0xba, 0x97,
  0x94, 0xc3, 0x83, 0x27, 0x84, 0xfe, 0x85, 0x27, 0x23, 0x24, 0xf4, 0xfe,
  0x83, 0x27, 0xc4, 0xfa, 0xfd, 0x37, 0x81, 0x27, 0x03, 0x27, 0x84, 0xfe,
  0x01, 0x27, 0xe3, 0x4e, 0xf7, 0xfa, 0x83, 0x27, 0xc4, 0xfe, 0x1b, 0x87,
  0x07, 0x00, 0x9d, 0x47, 0x63, 0x06, 0xf7, 0x16, 0x83, 0x27, 0xc4, 0xfe,
  0x1b, 0x87, 0x07, 0x00, 0x9d, 0x47, 0x63, 0xc4, 0xe7, 0x18, 0x83, 0x27,
  0xc4, 0xfe, 0x1b, 0x87, 0x07, 0x00, 0x99, 0x47, 0x63, 0x05, 0xf7, 0x12,
  0x83, 0x27, 0xc4, 0xfe, 0x1b, 0x87, 0x07, 0x00, 0x99, 0x47, 0x63, 0xc6,
  0xe7, 0x16, 0x83, 0x27, 0xc4, 0xfe, 0x1b, 0x87, 0x07, 0x00, 0x95, 0x47,
  0x63, 0x07, 0xf7, 0x0e, 0x83, 0x27, 0xc4, 0xfe, 0x1b, 0x87, 0x07, 0x00,
  0x95, 0x47, 0x63, 0xc8, 0xe7, 0x14, 0x83, 0x27, 0xc4, 0xfe, 0x1b, 0x87,
  0x07, 0x00, 0x91, 0x47, 0x63, 0x0a, 0xf7, 0x0a, 0x83, 0x27, 0xc4, 0xfe,
  0x1b, 0x87, 0x07, 0x00, 0x91, 0x47, 0x63, 0xca, 0xe7, 0x12, 0x83, 0x27,
  0xc4, 0xfe, 0x1b, 0x87, 0x07, 0x00, 0x8d, 0x47, 0x63, 0x0e, 0xf7, 0x06,
  0x83, 0x27, 0xc4, 0xfe, 0x1b, 0x87, 0x07, 0x00, 0x8d, 0x47, 0x63, 0xcc,
  0xe7, 0x10, 0x83, 0x27, 0xc4, 0xfe, 0x1b, 0x87, 0x07, 0x00, 0x89, 0x47,
  0x63, 0x04, 0xf7, 0x04, 0x83, 0x27, 0xc4, 0xfe, 0x1b, 0x87, 0x07, 0x00,
  0x89, 0x47, 0x63, 0xce, 0xe7, 0x0e, 0x83, 0x27, 0xc4, 0xfe, 0x81, 0x27,
  0x89, 0xcb, 0x83, 0x27, 0xc4, 0xfe, 0x1b, 0x87, 0x07, 0x00, 0x85, 0x47,
  0x63, 0x09, 0xf7, 0x00, 0xcd, 0xa0, 0x83, 0x37, 0x04, 0xfb, 0x9c, 0x6b,
  0x82, 0x97, 0xaa, 0x87, 0xe1, 0xa8, 0x83, 0x37, 0x04, 0xfb, 0x9c, 0x6b,
  0x03, 0x27, 0x84, 0xfc, 0x3a, 0x85, 0x82, 0x97, 0xaa, 0x87, 0xd9, 0xa0,
  0x83, 0x37, 0x04, 0xfb, 0x9c, 0x6b, 0x03, 0x27, 0x84, 0xfc, 0x83, 0x26,
  0xc4, 0xfc, 0xb6, 0x85, 0x3a, 0x85, 0x82, 0x97, 0xaa, 0x87, 0x7d, 0xa0,
  0x83, 0x37, 0x04, 0xfb, 0x9c, 0x6b, 0x03, 0x27, 0x84, 0xfc, 0x83, 0x26,
  0xc4, 0xfc, 0x03, 0x26, 0x04, 0xfd, 0xb6, 0x85, 0x3a, 0x85, 0x82, 0x97,
  0xaa, 0x87, 0x49, 0xa8, 0x83, 0x37, 0x04, 0xfb, 0x9c, 0x6b, 0x03, 0x27,
  0x84, 0xfc, 0x83, 0x25, 0xc4, 0xfc, 0x03, 0x26, 0x04, 0xfd, 0x83, 0x26,
  0x44, 0xfd, 0x3a, 0x85, 0x82, 0x97, 0xaa, 0x87, 0x95, 0xa8, 0x83, 0x37,
  0x04, 0xfb, 0x9c, 0x6b, 0x03, 0x25, 0x84, 0xfc, 0x83, 0x25, 0xc4, 0xfc,
  0x03, 0x26, 0x04, 0xfd, 0x83, 0x26, 0x44, 0xfd, 0x03, 0x27, 0x84, 0xfd,
  0x82, 0x97, 0xaa, 0x87, 0x91, 0xa8, 0x83, 0x37, 0x04, 0xfb, 0x03, 0xb8,
  0x07, 0x01, 0x03, 0x25, 0x84, 0xfc, 0x83, 0x25, 0xc4, 0xfc, 0x03, 0x26,
  0x04, 0xfd, 0x83, 0x26, 0x44, 0xfd, 0x03, 0x27, 0x84, 0xfd, 0x83, 0x27,
  0xc4, 0xfd, 0x02, 0x98, 0xaa, 0x87, 0x3d, 0xa0, 0x83, 0x37, 0x04, 0xfb,
  0x83, 0xb8, 0x07, 0x01, 0x03, 0x25, 0x84, 0xfc, 0x83, 0x25, 0xc4, 0xfc,
  0x03, 0x26, 0x04, 0xfd, 0x83, 0x26, 0x44, 0xfd, 0x03, 0x27, 0x84, 0xfd,
  0x83, 0x27, 0xc4, 0xfd, 0x03, 0x28, 0x04, 0xfe, 0x82, 0x98, 0xaa, 0x87,
  0x11, 0xa0, 0xfd, 0x57, 0x3e, 0x85, 0xe6, 0x60, 0x46, 0x64, 0x25, 0x61,
  0x82, 0x80, 0x01, 0x00, 0x79, 0x71, 0x06, 0xf4, 0x22, 0xf0, 0x00, 0x18,
  0x23, 0x3c, 0xa4, 0xfc, 0xae, 0x87, 0x23, 0x1b, 0xf4, 0xfc, 0x83, 0x57,
  0x64, 0xfd, 0x23, 0x26, 0xf4, 0xfe, 0x29, 0xa8, 0x83, 0x37, 0x84, 0xfd,
  0x13, 0x87, 0x17, 0x00, 0x23, 0x3c, 0xe4, 0xfc, 0x03, 0xc7, 0x07, 0x00,
  0xb7, 0x07, 0x00, 0x10, 0x01, 0x27, 0x98, 0xc3, 0x83, 0x27, 0xc4, 0xfe,
  0x1b, 0x87, 0xf7, 0xff, 0x23, 0x26, 0xe4, 0xfe, 0xf1, 0xff, 0x83, 0x17,
  0x64, 0xfd, 0x3e, 0x85, 0xa2, 0x70, 0x02, 0x74, 0x45, 0x61, 0x82, 0x80,
  0x79, 0x71, 0x06, 0xf4, 0x22, 0xf0, 0x00, 0x18, 0x23, 0x3c, 0xa4, 0xfc,
  0xae, 0x87, 0x23, 0x1b, 0xf4, 0xfc, 0xb7, 0x07, 0x00, 0x10, 0x93, 0x87,
  0x07, 0x08, 0x9c, 0x43, 0x23, 0x24, 0xf4, 0xfe, 0x83, 0x57, 0x64, 0xfd,
  0x81, 0x27, 0x3e, 0x86, 0x83, 0x27, 0x84, 0xfe, 0x9b, 0x86, 0x07, 0x00,
  0x1b, 0x07, 0x06, 0x00, 0x63, 0x73, 0xd7, 0x00, 0xb2, 0x87, 0x23, 0x22,
  0xf4, 0xfe, 0x23, 0x26, 0x04, 0xfe, 0x2d, 0xa0, 0xb7, 0x07, 0x00, 0x10,
  0x9c, 0x43, 0x9b, 0x86, 0x07, 0x00, 0x83, 0x27, 0xc4, 0xfe, 0x03, 0x37,
  0x84, 0xfd, 0xba, 0x97, 0x36, 0x87, 0x13, 0x77, 0xf7, 0x0f, 0x23, 0x80,
  0xe7, 0x00, 0x83, 0x27, 0xc4, 0xfe, 0x85, 0x27, 0x23, 0x26, 0xf4, 0xfe,
  0x83, 0x27, 0xc4, 0xfe, 0x03, 0x27, 0x44, 0xfe, 0x01, 0x27, 0xe3, 0xe7,
  0xe7, 0xfc, 0x83, 0x27, 0x44, 0xfe, 0x9b, 0x97, 0x07, 0x01, 0x9b, 0xd7,
  0x07, 0x41, 0x3e, 0x85, 0xa2, 0x70, 0x02, 0x74, 0x45, 0x61, 0x82, 0x80,
  0x01, 0x11, 0x06, 0xec, 0x22, 0xe8, 0x00, 0x10, 0x23, 0x34, 0xa4, 0xfe,
  0x81, 0x47, 0x3e, 0x85, 0xe2, 0x60, 0x42, 0x64, 0x05, 0x61, 0x82, 0x80,
  0x01, 0x11, 0x06, 0xec, 0x22, 0xe8, 0x00, 0x10, 0x23, 0x34, 0xa4, 0xfe,
  0x81, 0x47, 0x3e, 0x85, 0xe2, 0x60, 0x42, 0x64, 0x05, 0x61, 0x82, 0x80,
  0x41, 0x11, 0x06, 0xe4, 0x22, 0xe0, 0x00, 0x08, 0x93, 0x87, 0x01, 0x34,
  0x17, 0x07, 0x00, 0x00, 0x13, 0x07, 0x47, 0xee, 0xf8, 0xe3, 0x93, 0x87,
  0x01, 0x34, 0x17, 0x07, 0x00, 0x00, 0x13, 0x07, 0x67, 0xf2, 0xd8, 0xff,
  0x13, 0x85, 0x01, 0x34, 0xef, 0xf0, 0xef, 0xc5, 0x01, 0x00, 0xa2, 0x60,
  0x02, 0x64, 0x41, 0x01, 0x82, 0x80, 0x01, 0x00, 0x00, 0x00, 0x00, 0x00,
  0x97, 0x23, 0x00, 0x00, 0x33, 0x03, 0xc3, 0x41, 0x03, 0xbe, 0x83, 0xf6,
  0x13, 0x03, 0x43, 0xfd, 0x93, 0x82, 0x83, 0xf6, 0x13, 0x53, 0x13, 0x00,
  0x83, 0xb2, 0x82, 0x00, 0x67, 0x00, 0x0e, 0x00, 0x17, 0x2e, 0x00, 0x00,
  0x03, 0x3e, 0x8e, 0xf5, 0x67, 0x03, 0x0e, 0x00, 0x13, 0x00, 0x00, 0x00,
  0x17, 0x2e, 0x00, 0x00, 0x03, 0x3e, 0x0e, 0xf5, 0x67, 0x03, 0x0e, 0x00,
  0x13, 0x00, 0x00, 0x00, 0x17, 0x2e, 0x00, 0x00, 0x03, 0x3e, 0x8e, 0xf4,
  0x67, 0x03, 0x0e, 0x00, 0x13, 0x00, 0x00, 0x00, 0x17, 0x2e, 0x00, 0x00,
  0x03, 0x3e, 0x0e, 0xf4, 0x67, 0x03, 0x0e, 0x00, 0x13, 0x00, 0x00, 0x00,
  0x6e, 0x61, 0x6e, 0x00, 0x00, 0x00, 0x00, 0x00, 0x66, 0x6e, 0x69, 0x2d,
  0x00, 0x00, 0x00, 0x00, 0x66, 0x6e, 0x69, 0x2b, 0x00, 0x00, 0x00, 0x00,
  0x66, 0x6e, 0x69, 0x00, 0x00, 0x00, 0x00, 0x00, 0x00, 0x00, 0x00, 0x00,
  0x00, 0x00, 0xf0, 0x3f, 0x00, 0x00, 0x00, 0x00, 0x00, 0x00, 0x24, 0x40,
  0x00, 0x00, 0x00, 0x00, 0x00, 0x00, 0x59, 0x40, 0x00, 0x00, 0x00, 0x00,
  0x00, 0x40, 0x8f, 0x40, 0x00, 0x00, 0x00, 0x00, 0x00, 0x88, 0xc3, 0x40,
  0x00, 0x00, 0x00, 0x00, 0x00, 0x6a, 0xf8, 0x40, 0x00, 0x00, 0x00, 0x00,
  0x80, 0x84, 0x2e, 0x41, 0x00, 0x00, 0x00, 0x00, 0xd0, 0x12, 0x63, 0x41,
  0x00, 0x00, 0x00, 0x00, 0x84, 0xd7, 0x97, 0x41, 0x00, 0x00, 0x00, 0x00,
  0x65, 0xcd, 0xcd, 0x41, 0xff, 0xff, 0xff, 0xff, 0xff, 0xff, 0xef, 0xff,
  0xff, 0xff, 0xff, 0xff, 0xff, 0xff, 0xef, 0x7f, 0x00, 0x00, 0x00, 0x00,
  0x65, 0xcd, 0xcd, 0x41, 0x00, 0x00, 0x00, 0x00, 0x65, 0xcd, 0xcd, 0xc1,
  0x00, 0x00, 0x00, 0x00, 0x00, 0x00, 0xe0, 0x3f, 0xcd, 0xcc, 0xcc, 0xcc,
  0xcc, 0xcc, 0xcc, 0xcc, 0xfb, 0x79, 0x9f, 0x50, 0x13, 0x44, 0xd3, 0x3f,
  0xb3, 0xc8, 0x60, 0x8b, 0x28, 0x8a, 0xc6, 0x3f, 0x00, 0x00, 0x00, 0x00,
  0x00, 0x00, 0xf8, 0x3f, 0x61, 0x43, 0x6f, 0x63, 0xa7, 0x87, 0xd2, 0x3f,
  0x71, 0xa3, 0x79, 0x09, 0x4f, 0x93, 0x0a, 0x40, 0x16, 0x55, 0xb5, 0xbb,
  0xb1, 0x6b, 0x02, 0x40, 0xef, 0x39, 0xfa, 0xfe, 0x42, 0x2e, 0xe6, 0x3f,
  0x00, 0x00, 0x00, 0x00, 0x00, 0x00, 0x00, 0x40, 0x00, 0x00, 0x00, 0x00,
  0x00, 0x00, 0x2c, 0x40, 0x00, 0x00, 0x00, 0x00, 0x00, 0x00, 0x24, 0x40,
  0x00, 0x00, 0x00, 0x00, 0x00, 0x00, 0x18, 0x40, 0x00, 0x00, 0x00, 0x00,
  0x00, 0x00, 0xf0, 0x3f, 0x2d, 0x43, 0x1c, 0xeb, 0xe2, 0x36, 0x1a, 0x3f,
  0x00, 0x00, 0x00, 0x00, 0x80, 0x84, 0x2e, 0x41, 0x68, 0x65, 0x6c, 0x6c,
  0x6f, 0x20, 0x67, 0x75, 0x65, 0x73, 0x74, 0x20, 0x6f, 0x73, 0x30, 0x0a,
  0x00, 0x00, 0x00, 0x00, 0x00, 0x00, 0x00, 0x00, 0x64, 0x65, 0x66, 0x61,
  0x75, 0x6c, 0x74, 0x20, 0x75, 0x73, 0x65, 0x72, 0x00, 0x00, 0x00, 0x00,
  0x0d, 0x0a, 0x20, 0x5f, 0x20, 0x20, 0x20, 0x20, 0x20, 0x20, 0x20, 0x20,
  0x20, 0x5f, 0x20, 0x20, 0x20, 0x5f, 0x20, 0x20, 0x20, 0x20, 0x20, 0x20,
  0x20, 0x20, 0x20, 0x20, 0x20, 0x20, 0x20, 0x20, 0x20, 0x20, 0x20, 0x20,
  0x5f, 0x20, 0x20, 0x20, 0x20, 0x20, 0x20, 0x20, 0x20, 0x20, 0x20, 0x5f,
  0x20, 0x5f, 0x20, 0x0d, 0x0a, 0x7c, 0x20, 0x7c, 0x20, 0x20, 0x20, 0x20,
  0x5f, 0x5f, 0x5f, 0x7c, 0x20, 0x7c, 0x5f, 0x7c, 0x20, 0x7c, 0x5f, 0x20,
  0x5f, 0x5f, 0x5f, 0x20, 0x5f, 0x20, 0x5f, 0x5f, 0x20, 0x20, 0x20, 0x5f,
  0x5f, 0x5f, 0x7c, 0x20, 0x7c, 0x5f, 0x5f, 0x20, 0x20, 0x20, 0x5f, 0x5f,
  0x5f, 0x7c, 0x20, 0x7c, 0x20, 0x7c, 0x0d, 0x0a, 0x7c, 0x20, 0x7c, 0x20,
  0x20, 0x20, 0x2f, 0x20, 0x5f, 0x20, 0x5c, 0x20, 0x5f, 0x5f, 0x7c, 0x20,
  0x5f, 0x5f, 0x2f, 0x20, 0x5f, 0x20, 0x5c, 0x20, 0x27, 0x5f, 0x5f, 0x7c,
  0x20, 0x2f, 0x20, 0x5f, 0x5f, 0x7c, 0x20, 0x27, 0x5f, 0x20, 0x5c, 0x20,
  0x2f, 0x20, 0x5f, 0x20, 0x5c, 0x20, 0x7c, 0x20, 0x7c, 0x0d, 0x0a, 0x7c,
  0x20, 0x7c, 0x5f, 0x5f, 0x7c, 0x20, 0x20, 0x5f, 0x5f, 0x2f, 0x20, 0x7c,
  0x5f, 0x7c, 0x20, 0x7c, 0x7c, 0x20, 0x20, 0x5f, 0x5f, 0x2f, 0x20, 0x7c,
  0x20, 0x20, 0x20, 0x20, 0x5c, 0x5f, 0x5f, 0x20, 0x5c, 0x20, 0x7c, 0x20,
  0x7c, 0x20, 0x7c, 0x20, 0x20, 0x5f, 0x5f, 0x2f, 0x20, 0x7c, 0x20, 0x7c,
  0x0d, 0x0a, 0x7c, 0x5f, 0x5f, 0x5f, 0x5f, 0x5f, 0x5c, 0x5f, 0x5f, 0x5f,
  0x7c, 0x5c, 0x5f, 0x5f, 0x7c, 0x5c, 0x5f, 0x5f, 0x5c, 0x5f, 0x5f, 0x5f,
  0x7c, 0x5f, 0x7c, 0x20, 0x20, 0x20, 0x20, 0x7c, 0x5f, 0x5f, 0x5f, 0x2f,
  0x5f, 0x7c, 0x20, 0x7c, 0x5f, 0x7c, 0x5c, 0x5f, 0x5f, 0x5f, 0x7c, 0x5f,
  0x7c, 0x5f, 0x7c, 0x0d, 0x0a, 0x0d, 0x0a, 0x42, 0x75, 0x69, 0x6c, 0x64,
  0x3a, 0x20, 0x20, 0x20, 0x20, 0x20, 0x20, 0x20, 0x4a, 0x61, 0x6e, 0x20,
  0x32, 0x32, 0x20, 0x32, 0x30, 0x32, 0x36, 0x20, 0x31, 0x37, 0x3a, 0x35,
  0x34, 0x3a, 0x30, 0x35, 0x0d, 0x0a, 0x56, 0x65, 0x72, 0x73, 0x69, 0x6f,
  0x6e, 0x3a, 0x20, 0x20, 0x20, 0x20, 0x20, 0x33, 0x2e, 0x31, 0x2e, 0x32,
  0x0d, 0x0a, 0x43, 0x6f, 0x70, 0x79, 0x72, 0x69, 0x67, 0x68, 0x74, 0x3a,
  0x20, 0x20, 0x20, 0x28, 0x63, 0x29, 0x20, 0x32, 0x30, 0x32, 0x30, 0x20,
  0x4c, 0x65, 0x74, 0x74, 0x65, 0x72, 0x0d, 0x0a, 0x00, 0x00, 0x00, 0x00,
  0x00, 0x00, 0x00, 0x00, 0x0d, 0x0a, 0x57, 0x61, 0x72, 0x6e, 0x69, 0x6e,
  0x67, 0x3a, 0x20, 0x43, 0x6f, 0x6d, 0x6d, 0x61, 0x6e, 0x64, 0x20, 0x69,
  0x73, 0x20, 0x74, 0x6f, 0x6f, 0x20, 0x6c, 0x6f, 0x6e, 0x67, 0x0d, 0x0a,
  0x00, 0x00, 0x00, 0x00, 0x00, 0x00, 0x00, 0x00, 0x0d, 0x0a, 0x43, 0x6f,
  0x6d, 0x6d, 0x61, 0x6e, 0x64, 0x20, 0x4c, 0x69, 0x73, 0x74, 0x3a, 0x0d,
  0x0a, 0x00, 0x00, 0x00, 0x00, 0x00, 0x00, 0x00, 0x0d, 0x0a, 0x56, 0x61,
  0x72, 0x20, 0x4c, 0x69, 0x73, 0x74, 0x3a, 0x0d, 0x0a, 0x00, 0x00, 0x00,
  0x0d, 0x0a, 0x55, 0x73, 0x65, 0x72, 0x20, 0x4c, 0x69, 0x73, 0x74, 0x3a,
  0x0d, 0x0a, 0x00, 0x00, 0x0d, 0x0a, 0x4b, 0x65, 0x79, 0x20, 0x4c, 0x69,
  0x73, 0x74, 0x3a, 0x0d, 0x0a, 0x00, 0x00, 0x00, 0x43, 0x6f, 0x6d, 0x6d,
  0x61, 0x6e, 0x64, 0x20, 0x6e, 0x6f, 0x74, 0x20, 0x46, 0x6f, 0x75, 0x6e,
  0x64, 0x0d, 0x0a, 0x00, 0x00, 0x00, 0x00, 0x00, 0x63, 0x61, 0x6e, 0x27,
  0x74, 0x20, 0x73, 0x65, 0x74, 0x20, 0x70, 0x6f, 0x69, 0x6e, 0x74, 0x65,
  0x72, 0x0d, 0x0a, 0x00, 0x00, 0x00, 0x00, 0x00, 0x63, 0x61, 0x6e, 0x27,
  0x74, 0x20, 0x73, 0x65, 0x74, 0x20, 0x72, 0x65, 0x61, 0x64, 0x20, 0x6f,
  0x6e, 0x6c, 0x79, 0x20, 0x76, 0x61, 0x72, 0x0d, 0x0a, 0x00, 0x00, 0x00,
  0x00, 0x00, 0x00, 0x00, 0x20, 0x69, 0x73, 0x20, 0x6e, 0x6f, 0x74, 0x20,
  0x61, 0x20, 0x76, 0x61, 0x72, 0x0d, 0x0a, 0x00, 0x56, 0x61, 0x72, 0x20,
  0x6e, 0x6f, 0x74, 0x20, 0x46, 0x6f, 0x75, 0x6e, 0x74, 0x0d, 0x0a, 0x00,
  0x63, 0x6f, 0x6d, 0x6d, 0x61, 0x6e, 0x64, 0x20, 0x68, 0x65, 0x6c, 0x70,
  0x20, 0x6f, 0x66, 0x20, 0x00, 0x00, 0x00, 0x00, 0x00, 0x00, 0x00, 0x00,
  0x0d, 0x0a, 0x50, 0x6c, 0x65, 0x61, 0x73, 0x65, 0x20, 0x69, 0x6e, 0x70,
  0x75, 0x74, 0x20, 0x70, 0x61, 0x73, 0x73, 0x77, 0x6f, 0x72, 0x64, 0x3a,
  0x00, 0x00, 0x00, 0x00, 0x00, 0x00, 0x00, 0x00, 0x0d, 0x0a, 0x70, 0x61,
  0x73, 0x73, 0x77, 0x6f, 0x72, 0x64, 0x20, 0x65, 0x72, 0x72, 0x6f, 0x72,
  0x0d, 0x0a, 0x00, 0x00, 0x00, 0x00, 0x00, 0x00, 0x1b, 0x5b, 0x32, 0x4a,
  0x1b, 0x5b, 0x31, 0x48, 0x00, 0x00, 0x00, 0x00, 0x00, 0x00, 0x00, 0x00,
  0x1b, 0x5b, 0x32, 0x4b, 0x0d, 0x00, 0x00, 0x00, 0x43, 0x4d, 0x44, 0x20,
  0x00, 0x00, 0x00, 0x00, 0x56, 0x41, 0x52, 0x20, 0x00, 0x00, 0x00, 0x00,
  0x55, 0x53, 0x45, 0x52, 0x00, 0x00, 0x00, 0x00, 0x4b, 0x45, 0x59, 0x20,
  0x00, 0x00, 0x00, 0x00, 0x4e, 0x4f, 0x4e, 0x45, 0x00, 0x00, 0x00, 0x00,
  0x6c, 0x65, 0x74, 0x74, 0x65, 0x72, 0x00, 0x00, 0x2e, 0x2e, 0x2e, 0x00,
  0x00, 0x00, 0x00, 0x00, 0x0d, 0x0a, 0x00, 0x00, 0x00, 0x00, 0x00, 0x00,
  0x3a, 0x00, 0x00, 0x00, 0x00, 0x00, 0x00, 0x00, 0x2f, 0x00, 0x00, 0x00,
  0x00, 0x00, 0x00, 0x00, 0x24, 0x20, 0x00, 0x00, 0x00, 0x00, 0x00, 0x00,
  0x20, 0x20, 0x00, 0x00, 0x00, 0x00, 0x00, 0x00, 0x08, 0x20, 0x08, 0x00,
  0x00, 0x00, 0x00, 0x00, 0x20, 0x3d, 0x20, 0x00, 0x00, 0x00, 0x00, 0x00,
  0x22, 0x00, 0x00, 0x00, 0x00, 0x00, 0x00, 0x00, 0x2c, 0x20, 0x30, 0x78,
  0x00, 0x00, 0x00, 0x00, 0x30, 0x30, 0x30, 0x30, 0x30, 0x30, 0x30, 0x30,
  0x30, 0x30, 0x30, 0x00, 0x00, 0x00, 0x00, 0x00, 0x52, 0x65, 0x74, 0x75,
  0x72, 0x6e, 0x3a, 0x20, 0x00, 0x00, 0x00, 0x00, 0x00, 0x00, 0x00, 0x00,
  0x62, 0x61, 0x63, 0x6b, 0x73, 0x70, 0x61, 0x63, 0x65, 0x00, 0x00, 0x00,
  0x00, 0x00, 0x00, 0x00, 0x62, 0x61, 0x63, 0x6b, 0x73, 0x70, 0x61, 0x63,
  0x65, 0x00, 0x00, 0x00, 0x00, 0x00, 0x00, 0x00, 0x73, 0x68, 0x6f, 0x77,
  0x20, 0x63, 0x6f, 0x6d, 0x6d, 0x61, 0x6e, 0x64, 0x20, 0x69, 0x6e, 0x66,
  0x6f, 0x0d, 0x0a, 0x68, 0x65, 0x6c, 0x70, 0x20, 0x5b, 0x63, 0x6d, 0x64,
  0x5d, 0x00, 0x00, 0x00, 0x6c, 0x69, 0x73, 0x74, 0x20, 0x61, 0x6c, 0x6c,
  0x20, 0x75, 0x73, 0x65, 0x72, 0x00, 0x00, 0x00, 0x6c, 0x69, 0x73, 0x74,
  0x20, 0x61, 0x6c, 0x6c, 0x20, 0x63, 0x6d, 0x64, 0x00, 0x00, 0x00, 0x00,
  0x6c, 0x69, 0x73, 0x74, 0x20, 0x61, 0x6c, 0x6c, 0x20, 0x76, 0x61, 0x72,
  0x00, 0x00, 0x00, 0x00, 0x6c, 0x69, 0x73, 0x74, 0x20, 0x61, 0x6c, 0x6c,
  0x20, 0x6b, 0x65, 0x79, 0x00, 0x00, 0x00, 0x00, 0x63, 0x6c, 0x65, 0x61,
  0x72, 0x20, 0x63, 0x6f, 0x6e, 0x73, 0x6f, 0x6c, 0x65, 0x00, 0x00, 0x00,
  0xab, 0xaa, 0xaa, 0xaa, 0x00, 0x00, 0x00, 0x00, 0x2f, 0x6c, 0x69, 0x62,
  0x2f, 0x6c, 0x64, 0x2d, 0x6c, 0x69, 0x6e, 0x75, 0x78, 0x2d, 0x72, 0x69,
  0x73, 0x63, 0x76, 0x36, 0x34, 0x2d, 0x6c, 0x70, 0x36, 0x34, 0x64, 0x2e,
  0x73, 0x6f, 0x2e, 0x31, 0x00, 0x00, 0x00, 0x00, 0x02, 0x00, 0x02, 0x00,
  0x01, 0x00, 0x02, 0x00, 0x02, 0x00, 0x00, 0x00, 0x01, 0x00, 0x01, 0x00,
  0x21, 0x00, 0x00, 0x00, 0x10, 0x00, 0x00, 0x00, 0x00, 0x00, 0x00, 0x00,
  0x87, 0x91, 0x96, 0x06, 0x00, 0x00, 0x02, 0x00, 0x2b, 0x00, 0x00, 0x00,
  0x00, 0x00, 0x00, 0x00, 0x00, 0x00, 0x00, 0x00, 0x00, 0x00, 0x00, 0x00,
  0x00, 0x00, 0x00, 0x00, 0x00, 0x00, 0x00, 0x00, 0x00, 0x00, 0x00, 0x00,
  0x00, 0x00, 0x00, 0x00, 0x0b, 0x00, 0x00, 0x00, 0x12, 0x00, 0x00, 0x00,
  0xb0, 0x58, 0x00, 0x80, 0x00, 0x00, 0x00, 0x00, 0x00, 0x00, 0x00, 0x00,
  0x00, 0x00, 0x00, 0x00, 0x01, 0x00, 0x00, 0x00, 0x12, 0x00, 0x00, 0x00,
  0xa0, 0x58, 0x00, 0x80, 0x00, 0x00, 0x00, 0x00, 0x00, 0x00, 0x00, 0x00,
  0x00, 0x00, 0x00, 0x00, 0x36, 0x00, 0x00, 0x00, 0x10, 0x00, 0x0f, 0x00,
  0x20, 0x75, 0x00, 0x80, 0x00, 0x00, 0x00, 0x00, 0x00, 0x00, 0x00, 0x00,
  0x00, 0x00, 0x00, 0x00, 0x19, 0x00, 0x00, 0x00, 0x12, 0x00, 0x00, 0x00,
  0xc0, 0x58, 0x00, 0x80, 0x00, 0x00, 0x00, 0x00, 0x00, 0x00, 0x00, 0x00,
  0x00, 0x00, 0x00, 0x00, 0x12, 0x00, 0x00, 0x00, 0x12, 0x00, 0x00, 0x00,
  0xd0, 0x58, 0x00, 0x80, 0x00, 0x00, 0x00, 0x00, 0x00, 0x00, 0x00, 0x00,
  0x00, 0x00, 0x00, 0x00, 0x00, 0x76, 0x73, 0x6e, 0x70, 0x72, 0x69, 0x6e,
  0x74, 0x66, 0x00, 0x73, 0x74, 0x72, 0x6c, 0x65, 0x6e, 0x00, 0x73, 0x74,
  0x72, 0x63, 0x6d, 0x70, 0x00, 0x73, 0x74, 0x72, 0x6e, 0x63, 0x6d, 0x70,
  0x00, 0x6c, 0x69, 0x62, 0x63, 0x2e, 0x73, 0x6f, 0x2e, 0x36, 0x00, 0x47,
  0x4c, 0x49, 0x42, 0x43, 0x5f, 0x32, 0x2e, 0x32, 0x37, 0x00, 0x5f, 0x5f,
  0x67, 0x6c, 0x6f, 0x62, 0x61, 0x6c, 0x5f, 0x70, 0x6f, 0x69, 0x6e, 0x74,
  0x65, 0x72, 0x24, 0x00, 0x03, 0x00, 0x00, 0x00, 0x06, 0x00, 0x00, 0x00,
  0x03, 0x00, 0x00, 0x00, 0x01, 0x00, 0x00, 0x00, 0x05, 0x00, 0x00, 0x00,
  0x00, 0x00, 0x00, 0x00, 0x02, 0x00, 0x00, 0x00, 0x00, 0x00, 0x00, 0x00,
  0x00, 0x00, 0x00, 0x00, 0x00, 0x00, 0x00, 0x00, 0x04, 0x00, 0x00, 0x00,
  0x00, 0x00, 0x00, 0x00, 0x03, 0x00, 0x00, 0x00, 0x01, 0x00, 0x00, 0x00,
  0x01, 0x00, 0x00, 0x00, 0x06, 0x00, 0x00, 0x00, 0x00, 0x90, 0x01, 0x63,
  0x00, 0x40, 0x00, 0x81, 0x01, 0x00, 0x00, 0x00, 0x02, 0x00, 0x00, 0x00,
  0x05, 0x00, 0x00, 0x00, 0x9d, 0xbb, 0x93, 0x1c, 0x0e, 0x84, 0x1d, 0xe6,
  0x18, 0x7e, 0x0a, 0x87, 0xcd, 0x3f, 0x0c, 0xaf, 0x5f, 0x96, 0x93, 0x1c,
  0x10, 0x00, 0x00, 0x00, 0x00, 0x00, 0x00, 0x00, 0x03, 0x7a, 0x52, 0x00,
  0x01, 0x7c, 0x01, 0x01, 0x1b, 0x0c, 0x02, 0x00, 0x24, 0x00, 0x00, 0x00,
  0x18, 0x00, 0x00, 0x00, 0x1c, 0xa1, 0xff, 0xff, 0x12, 0x00, 0x00, 0x00,
  0x00, 0x42, 0x0e, 0x10, 0x44, 0x81, 0x02, 0x88, 0x04, 0x42, 0x0c, 0x08,
  0x00, 0x44, 0xc1, 0x42, 0xc8, 0x0c, 0x02, 0x10, 0x42, 0x0e, 0x00, 0x00,
  0x28, 0x00, 0x00, 0x00, 0x40, 0x00, 0x00, 0x00, 0x06, 0xa1, 0xff, 0xff,
  0x26, 0x00, 0x00, 0x00, 0x00, 0x42, 0x0e, 0x20, 0x44, 0x81, 0x02, 0x88,
  0x04, 0x42, 0x0c, 0x08, 0x00, 0x58, 0xc1, 0x42, 0xc8, 0x0c, 0x02, 0x20,
  0x42, 0x0e, 0x00, 0x00, 0x00, 0x00, 0x00, 0x00, 0x24, 0x00, 0x00, 0x00,
  0x6c, 0x00, 0x00, 0x00, 0x00, 0xa1, 0xff, 0xff, 0x42, 0x00, 0x00, 0x00,
  0x00, 0x42, 0x0e, 0x30, 0x44, 0x81, 0x02, 0x88, 0x04, 0x42, 0x0c, 0x08,
  0x00, 0x74, 0xc1, 0x42, 0xc8, 0x0c, 0x02, 0x30, 0x42, 0x0e, 0x00, 0x00,
  0x24, 0x00, 0x00, 0x00, 0x94, 0x00, 0x00, 0x00, 0x1a, 0xa1, 0xff, 0xff,
  0x24, 0x00, 0x00, 0x00, 0x00, 0x42, 0x0e, 0x30, 0x44, 0x81, 0x02, 0x88,
  0x04, 0x42, 0x0c, 0x08, 0x00, 0x56, 0xc1, 0x42, 0xc8, 0x0c, 0x02, 0x30,
  0x42, 0x0e, 0x00, 0x00, 0x24, 0x00, 0x00, 0x00, 0xbc, 0x00, 0x00, 0x00,
  0x16, 0xa1, 0xff, 0xff, 0x38, 0x00, 0x00, 0x00, 0x00, 0x42, 0x0e, 0x30,
  0x44, 0x81, 0x02, 0x88, 0x04, 0x42, 0x0c, 0x08, 0x00, 0x6a, 0xc1, 0x42,
  0xc8, 0x0c, 0x02, 0x30, 0x42, 0x0e, 0x00, 0x00, 0x24, 0x00, 0x00, 0x00,
  0xe4, 0x00, 0x00, 0x00, 0x26, 0xa1, 0xff, 0xff, 0x44, 0x00, 0x00, 0x00,
  0x00, 0x42, 0x0e, 0x30, 0x44, 0x81, 0x02, 0x88, 0x04, 0x42, 0x0c, 0x08,
  0x00, 0x76, 0xc1, 0x42, 0xc8, 0x0c, 0x02, 0x30, 0x42, 0x0e, 0x00, 0x00,
  0x24, 0x00, 0x00, 0x00, 0x0c, 0x01, 0x00, 0x00, 0x42, 0xa1, 0xff, 0xff,
  0x54, 0x00, 0x00, 0x00, 0x00, 0x42, 0x0e, 0x30, 0x44, 0x81, 0x02, 0x88,
  0x04, 0x42, 0x0c, 0x08, 0x00, 0x02, 0x46, 0xc1, 0x42, 0xc8, 0x0c, 0x02,
  0x30, 0x42, 0x0e, 0x00, 0x24, 0x00, 0x00, 0x00, 0x34, 0x01, 0x00, 0x00,
  0x6e, 0xa1, 0xff, 0xff, 0x44, 0x00, 0x00, 0x00, 0x00, 0x42, 0x0e, 0x20,
  0x44, 0x81, 0x02, 0x88, 0x04, 0x42, 0x0c, 0x08, 0x00, 0x76, 0xc1, 0x42,
  0xc8, 0x0c, 0x02, 0x20, 0x42, 0x0e, 0x00, 0x00, 0x24, 0x00, 0x00, 0x00,
  0x5c, 0x01, 0x00, 0x00, 0x8a, 0xa1, 0xff, 0xff, 0x6c, 0x00, 0x00, 0x00,
  0x00, 0x42, 0x0e, 0x30, 0x44, 0x81, 0x02, 0x88, 0x04, 0x42, 0x0c, 0x08,
  0x00, 0x02, 0x5e, 0xc1, 0x42, 0xc8, 0x0c, 0x02, 0x30, 0x42, 0x0e, 0x00,
  0x28, 0x00, 0x00, 0x00, 0x84, 0x01, 0x00, 0x00, 0xce, 0xa1, 0xff, 0xff,
  0x12, 0x01, 0x00, 0x00, 0x00, 0x42, 0x0e, 0x60, 0x44, 0x81, 0x02, 0x88,
  0x04, 0x42, 0x0c, 0x08, 0x00, 0x03, 0x04, 0x01, 0xc1, 0x42, 0xc8, 0x0c,
  0x02, 0x60, 0x42, 0x0e, 0x00, 0x00, 0x00, 0x00, 0x28, 0x00, 0x00, 0x00,
  0xb0, 0x01, 0x00, 0x00, 0xb4, 0xa2, 0xff, 0xff, 0x9a, 0x02, 0x00, 0x00,
  0x00, 0x42, 0x0e, 0x50, 0x44, 0x81, 0x02, 0x88, 0x04, 0x42, 0x0c, 0x08,
  0x00, 0x03, 0x8c, 0x02, 0xc1, 0x42, 0xc8, 0x0c, 0x02, 0x50, 0x42, 0x0e,
  0x00, 0x00, 0x00, 0x00, 0x28, 0x00, 0x00, 0x00, 0xdc, 0x01, 0x00, 0x00,
  0x22, 0xa5, 0xff, 0xff, 0x16, 0x01, 0x00, 0x00, 0x00, 0x42, 0x0e, 0xa0,
  0x01, 0x44, 0x81, 0x02, 0x88, 0x04, 0x42, 0x0c, 0x08, 0x00, 0x03, 0x08,
  0x01, 0xc1, 0x42, 0xc8, 0x0c, 0x02, 0xa0, 0x01, 0x42, 0x0e, 0x00, 0x00,
  0x28, 0x00, 0x00, 0x00, 0x08, 0x02, 0x00, 0x00, 0x0c, 0xa6, 0xff, 0xff,
  0x16, 0x01, 0x00, 0x00, 0x00, 0x42, 0x0e, 0xa0, 0x01, 0x44, 0x81, 0x02,
  0x88, 0x04, 0x42, 0x0c, 0x08, 0x00, 0x03, 0x08, 0x01, 0xc1, 0x42, 0xc8,
  0x0c, 0x02, 0xa0, 0x01, 0x42, 0x0e, 0x00, 0x00, 0x28, 0x00, 0x00, 0x00,
  0x34, 0x02, 0x00, 0x00, 0xf6, 0xa6, 0xff, 0xff, 0xb0, 0x05, 0x00, 0x00,
  0x00, 0x42, 0x0e, 0xa0, 0x01, 0x44, 0x81, 0x02, 0x88, 0x04, 0x42, 0x0c,
  0x08, 0x00, 0x03, 0xa2, 0x05, 0xc1, 0x42, 0xc8, 0x0c, 0x02, 0xa0, 0x01,
  0x42, 0x0e, 0x00, 0x00, 0x28, 0x00, 0x00, 0x00, 0x60, 0x02, 0x00, 0x00,
  0x7a, 0xac, 0xff, 0xff, 0xd0, 0x04, 0x00, 0x00, 0x00, 0x42, 0x0e, 0xa0,
  0x01, 0x44, 0x81, 0x02, 0x88, 0x04, 0x42, 0x0c, 0x08, 0x00, 0x03, 0xc2,
  0x04, 0xc1, 0x42, 0xc8, 0x0c, 0x02, 0xa0, 0x01, 0x42, 0x0e, 0x00, 0x00,
  0x28, 0x00, 0x00, 0x00, 0x8c, 0x02, 0x00, 0x00, 0x1e, 0xb1, 0xff, 0xff,
  0xe2, 0x0c, 0x00, 0x00, 0x00, 0x42, 0x0e, 0xa0, 0x01, 0x44, 0x81, 0x02,
  0x88, 0x04, 0x42, 0x0c, 0x08, 0x00, 0x03, 0xd4, 0x0c, 0xc1, 0x42, 0xc8,
  0x0c, 0x02, 0xa0, 0x01, 0x42, 0x0e, 0x00, 0x00, 0x28, 0x00, 0x00, 0x00,
  0xb8, 0x02, 0x00, 0x00, 0xd4, 0xbd, 0xff, 0xff, 0x62, 0x00, 0x00, 0x00,
  0x00, 0x42, 0x0e, 0x80, 0x01, 0x44, 0x81, 0x12, 0x88, 0x14, 0x42, 0x0c,
  0x08, 0x40, 0x02, 0x54, 0xc1, 0x42, 0xc8, 0x0c, 0x02, 0x80, 0x01, 0x42,
  0x0e, 0x00, 0x00, 0x00, 0x24, 0x00, 0x00, 0x00, 0xe4, 0x02, 0x00, 0x00,
  0x0a, 0xbe, 0xff, 0xff, 0x64, 0x00, 0x00, 0x00, 0x00, 0x42, 0x0e, 0x70,
  0x44, 0x81, 0x0e, 0x88, 0x10, 0x42, 0x0c, 0x08, 0x30, 0x02, 0x56, 0xc1,
  0x42, 0xc8, 0x0c, 0x02, 0x70, 0x42, 0x0e, 0x00, 0x24, 0x00, 0x00, 0x00,
  0x0c, 0x03, 0x00, 0x00, 0x46, 0xbe, 0xff, 0xff, 0x68, 0x00, 0x00, 0x00,
  0x00, 0x42, 0x0e, 0x70, 0x44, 0x81, 0x0e, 0x88, 0x10, 0x42, 0x0c, 0x08,
  0x30, 0x02, 0x5a, 0xc1, 0x42, 0xc8, 0x0c, 0x02, 0x70, 0x42, 0x0e, 0x00,
  0x24, 0x00, 0x00, 0x00, 0x34, 0x03, 0x00, 0x00, 0x86, 0xbe, 0xff, 0xff,
  0x38, 0x00, 0x00, 0x00, 0x00, 0x42, 0x0e, 0x30, 0x44, 0x81, 0x02, 0x88,
  0x04, 0x42, 0x0c, 0x08, 0x00, 0x6a, 0xc1, 0x42, 0xc8, 0x0c, 0x02, 0x30,
  0x42, 0x0e, 0x00, 0x00, 0x24, 0x00, 0x00, 0x00, 0x5c, 0x03, 0x00, 0x00,
  0x96, 0xbe, 0xff, 0xff, 0x40, 0x00, 0x00, 0x00, 0x00, 0x42, 0x0e, 0x30,
  0x44, 0x81, 0x02, 0x88, 0x04, 0x42, 0x0c, 0x08, 0x00, 0x72, 0xc1, 0x42,
  0xc8, 0x0c, 0x02, 0x30, 0x42, 0x0e, 0x00, 0x00, 0x2c, 0x00, 0x00, 0x00,
  0x84, 0x03, 0x00, 0x00, 0xae, 0xbe, 0xff, 0xff, 0x76, 0x00, 0x00, 0x00,
  0x00, 0x42, 0x0e, 0x80, 0x01, 0x44, 0x81, 0x0e, 0x88, 0x10, 0x42, 0x0c,
  0x08, 0x30, 0x02, 0x68, 0xc1, 0x42, 0xc8, 0x0c, 0x02, 0x80, 0x01, 0x42,
  0x0e, 0x00, 0x00, 0x00, 0x00, 0x00, 0x00, 0x00, 0x24, 0x00, 0x00, 0x00,
  0xb4, 0x03, 0x00, 0x00, 0xf4, 0xbe, 0xff, 0xff, 0x36, 0x00, 0x00, 0x00,
  0x00, 0x42, 0x0e, 0x20, 0x44, 0x81, 0x02, 0x88, 0x04, 0x42, 0x0c, 0x08,
  0x00, 0x68, 0xc1, 0x42, 0xc8, 0x0c, 0x02, 0x20, 0x42, 0x0e, 0x00, 0x00,
  0x24, 0x00, 0x00, 0x00, 0xdc, 0x03, 0x00, 0x00, 0x02, 0xbf, 0xff, 0xff,
  0x2a, 0x00, 0x00, 0x00, 0x00, 0x42, 0x0e, 0x20, 0x44, 0x81, 0x02, 0x88,
  0x04, 0x42, 0x0c, 0x08, 0x00, 0x5c, 0xc1, 0x42, 0xc8, 0x0c, 0x02, 0x20,
  0x42, 0x0e, 0x00, 0x00, 0x24, 0x00, 0x00, 0x00, 0x04, 0x04, 0x00, 0x00,
  0x04, 0xbf, 0xff, 0xff, 0x40, 0x00, 0x00, 0x00, 0x00, 0x42, 0x0e, 0x20,
  0x44, 0x81, 0x02, 0x88, 0x04, 0x42, 0x0c, 0x08, 0x00, 0x72, 0xc1, 0x42,
  0xc8, 0x0c, 0x02, 0x20, 0x42, 0x0e, 0x00, 0x00, 0x1c, 0x00, 0x00, 0x00,
  0x2c, 0x04, 0x00, 0x00, 0x1c, 0xbf, 0xff, 0xff, 0x1a, 0x00, 0x00, 0x00,
  0x00, 0x42, 0x0e, 0x10, 0x44, 0x81, 0x02, 0x88, 0x04, 0x42, 0x0c, 0x08,
  0x00, 0x00, 0x00, 0x00, 0x28, 0x00, 0x00, 0x00, 0x4c, 0x04, 0x00, 0x00,
  0x18, 0xbf, 0xff, 0xff, 0x54, 0x01, 0x00, 0x00, 0x00, 0x42, 0x0e, 0x40,
  0x44, 0x81, 0x02, 0x88, 0x04, 0x42, 0x0c, 0x08, 0x00, 0x03, 0x46, 0x01,
  0xc1, 0x42, 0xc8, 0x0c, 0x02, 0x40, 0x42, 0x0e, 0x00, 0x00, 0x00, 0x00,
  0x24, 0x00, 0x00, 0x00, 0x78, 0x04, 0x00, 0x00, 0x40, 0xc0, 0xff, 0xff,
  0x62, 0x00, 0x00, 0x00, 0x00, 0x42, 0x0e, 0x30, 0x44, 0x81, 0x02, 0x88,
  0x04, 0x42, 0x0c, 0x08, 0x00, 0x02, 0x54, 0xc1, 0x42, 0xc8, 0x0c, 0x02,
  0x30, 0x42, 0x0e, 0x00, 0x24, 0x00, 0x00, 0x00, 0xa0, 0x04, 0x00, 0x00,
  0x7a, 0xc0, 0xff, 0xff, 0x66, 0x00, 0x00, 0x00, 0x00, 0x42, 0x0e, 0x30,
  0x44, 0x81, 0x02, 0x88, 0x04, 0x42, 0x0c, 0x08, 0x00, 0x02, 0x58, 0xc1,
  0x42, 0xc8, 0x0c, 0x02, 0x30, 0x42, 0x0e, 0x00, 0x24, 0x00, 0x00, 0x00,
  0xc8, 0x04, 0x00, 0x00, 0xb8, 0xc0, 0xff, 0xff, 0x7a, 0x00, 0x00, 0x00,
  0x00, 0x42, 0x0e, 0x20, 0x44, 0x81, 0x02, 0x88, 0x04, 0x42, 0x0c, 0x08,
  0x00, 0x02, 0x6c, 0xc1, 0x42, 0xc8, 0x0c, 0x02, 0x20, 0x42, 0x0e, 0x00,
  0x24, 0x00, 0x00, 0x00, 0xf0, 0x04, 0x00, 0x00, 0x0a, 0xc1, 0xff, 0xff,
  0x2c, 0x00, 0x00, 0x00, 0x00, 0x42, 0x0e, 0x20, 0x44, 0x81, 0x02, 0x88,
  0x04, 0x42, 0x0c, 0x08, 0x00, 0x5e, 0xc1, 0x42, 0xc8, 0x0c, 0x02, 0x20,
  0x42, 0x0e, 0x00, 0x00, 0x24, 0x00, 0x00, 0x00, 0x18, 0x05, 0x00, 0x00,
  0x0e, 0xc1, 0xff, 0xff, 0x66, 0x00, 0x00, 0x00, 0x00, 0x42, 0x0e, 0x30,
  0x44, 0x81, 0x02, 0x88, 0x04, 0x42, 0x0c, 0x08, 0x00, 0x02, 0x58, 0xc1,
  0x42, 0xc8, 0x0c, 0x02, 0x30, 0x42, 0x0e, 0x00, 0x24, 0x00, 0x00, 0x00,
  0x40, 0x05, 0x00, 0x00, 0x4c, 0xc1, 0xff, 0xff, 0xd0, 0x00, 0x00, 0x00,
  0x00, 0x42, 0x0e, 0x30, 0x44, 0x81, 0x02, 0x88, 0x04, 0x42, 0x0c, 0x08,
  0x00, 0x02, 0xc2, 0xc1, 0x42, 0xc8, 0x0c, 0x02, 0x30, 0x42, 0x0e, 0x00,
  0x24, 0x00, 0x00, 0x00, 0x68, 0x05, 0x00, 0x00, 0xf4, 0xc1, 0xff, 0xff,
  0xac, 0x00, 0x00, 0x00, 0x00, 0x42, 0x0e, 0x20, 0x44, 0x81, 0x02, 0x88,
  0x04, 0x42, 0x0c, 0x08, 0x00, 0x02, 0x9e, 0xc1, 0x42, 0xc8, 0x0c, 0x02,
  0x20, 0x42, 0x0e, 0x00, 0x28, 0x00, 0x00, 0x00, 0x90, 0x05, 0x00, 0x00,
  0x78, 0xc2, 0xff, 0xff, 0x68, 0x00, 0x00, 0x00, 0x00, 0x42, 0x0e, 0xf0,
  0x01, 0x44, 0x81, 0x0e, 0x88, 0x10, 0x42, 0x0c, 0x08, 0x30, 0x02, 0x5a,
  0xc1, 0x42, 0xc8, 0x0c, 0x02, 0xf0, 0x01, 0x42, 0x0e, 0x00, 0x00, 0x00,
  0x24, 0x00, 0x00, 0x00, 0xbc, 0x05, 0x00, 0x00, 0xb4, 0xc2, 0xff, 0xff,
  0x7e, 0x00, 0x00, 0x00, 0x00, 0x42, 0x0e, 0x20, 0x44, 0x81, 0x02, 0x88,
  0x04, 0x42, 0x0c, 0x08, 0x00, 0x02, 0x70, 0xc1, 0x42, 0xc8, 0x0c, 0x02,
  0x20, 0x42, 0x0e, 0x00, 0x24, 0x00, 0x00, 0x00, 0xe4, 0x05, 0x00, 0x00,
  0x0a, 0xc3, 0xff, 0xff, 0xa6, 0x00, 0x00, 0x00, 0x00, 0x42, 0x0e, 0x30,
  0x44, 0x81, 0x02, 0x88, 0x04, 0x42, 0x0c, 0x08, 0x00, 0x02, 0x98, 0xc1,
  0x42, 0xc8, 0x0c, 0x02, 0x30, 0x42, 0x0e, 0x00, 0x28, 0x00, 0x00, 0x00,
  0x0c, 0x06, 0x00, 0x00, 0x88, 0xc3, 0xff, 0xff, 0x3c, 0x01, 0x00, 0x00,
  0x00, 0x42, 0x0e, 0x30, 0x44, 0x81, 0x02, 0x88, 0x04, 0x42, 0x0c, 0x08,
  0x00, 0x03, 0x2e, 0x01, 0xc1, 0x42, 0xc8, 0x0c, 0x02, 0x30, 0x42, 0x0e,
  0x00, 0x00, 0x00, 0x00, 0x24, 0x00, 0x00, 0x00, 0x38, 0x06, 0x00, 0x00,
  0x98, 0xc4, 0xff, 0xff, 0x68, 0x00, 0x00, 0x00, 0x00, 0x42, 0x0e, 0x30,
  0x44, 0x81, 0x02, 0x88, 0x04, 0x42, 0x0c, 0x08, 0x00, 0x02, 0x5a, 0xc1,
  0x42, 0xc8, 0x0c, 0x02, 0x30, 0x42, 0x0e, 0x00, 0x24, 0x00, 0x00, 0x00,
  0x60, 0x06, 0x00, 0x00, 0xd8, 0xc4, 0xff, 0xff, 0x82, 0x00, 0x00, 0x00,
  0x00, 0x42, 0x0e, 0x30, 0x44, 0x81, 0x02, 0x88, 0x04, 0x42, 0x0c, 0x08,
  0x00, 0x02, 0x74, 0xc1, 0x42, 0xc8, 0x0c, 0x02, 0x30, 0x42, 0x0e, 0x00,
  0x24, 0x00, 0x00, 0x00, 0x88, 0x06, 0x00, 0x00, 0x32, 0xc5, 0xff, 0xff,
  0xb6, 0x00, 0x00, 0x00, 0x00, 0x42, 0x0e, 0x30, 0x44, 0x81, 0x02, 0x88,
  0x04, 0x42, 0x0c, 0x08, 0x00, 0x02, 0xa8, 0xc1, 0x42, 0xc8, 0x0c, 0x02,
  0x30, 0x42, 0x0e, 0x00, 0x24, 0x00, 0x00, 0x00, 0xb0, 0x06, 0x00, 0x00,
  0xc0, 0xc5, 0xff, 0xff, 0x76, 0x00, 0x00, 0x00, 0x00, 0x42, 0x0e, 0x20,
  0x44, 0x81, 0x02, 0x88, 0x04, 0x42, 0x0c, 0x08, 0x00, 0x02, 0x68, 0xc1,
  0x42, 0xc8, 0x0c, 0x02, 0x20, 0x42, 0x0e, 0x00, 0x28, 0x00, 0x00, 0x00,
  0xd8, 0x06, 0x00, 0x00, 0x0e, 0xc6, 0xff, 0xff, 0xc0, 0x01, 0x00, 0x00,
  0x00, 0x42, 0x0e, 0x30, 0x44, 0x81, 0x02, 0x88, 0x04, 0x42, 0x0c, 0x08,
  0x00, 0x03, 0xb2, 0x01, 0xc1, 0x42, 0xc8, 0x0c, 0x02, 0x30, 0x42, 0x0e,
  0x00, 0x00, 0x00, 0x00, 0x24, 0x00, 0x00, 0x00, 0x04, 0x07, 0x00, 0x00,
  0xa2, 0xc7, 0xff, 0xff, 0xae, 0x00, 0x00, 0x00, 0x00, 0x42, 0x0e, 0x30,
  0x44, 0x81, 0x02, 0x88, 0x04, 0x42, 0x0c, 0x08, 0x00, 0x02, 0xa0, 0xc1,
  0x42, 0xc8, 0x0c, 0x02, 0x30, 0x42, 0x0e, 0x00, 0x24, 0x00, 0x00, 0x00,
  0x2c, 0x07, 0x00, 0x00, 0x28, 0xc8, 0xff, 0xff, 0xcc, 0x00, 0x00, 0x00,
  0x00, 0x42, 0x0e, 0x30, 0x44, 0x81, 0x02, 0x88, 0x04, 0x42, 0x0c, 0x08,
  0x00, 0x02, 0xbe, 0xc1, 0x42, 0xc8, 0x0c, 0x02, 0x30, 0x42, 0x0e, 0x00,
  0x24, 0x00, 0x00, 0x00, 0x54, 0x07, 0x00, 0x00, 0xcc, 0xc8, 0xff, 0xff,
  0xcc, 0x00, 0x00, 0x00, 0x00, 0x42, 0x0e, 0x30, 0x44, 0x81, 0x02, 0x88,
  0x04, 0x42, 0x0c, 0x08, 0x00, 0x02, 0xbe, 0xc1, 0x42, 0xc8, 0x0c, 0x02,
  0x30, 0x42, 0x0e, 0x00, 0x24, 0x00, 0x00, 0x00, 0x7c, 0x07, 0x00, 0x00,
  0x70, 0xc9, 0xff, 0xff, 0xcc, 0x00, 0x00, 0x00, 0x00, 0x42, 0x0e, 0x30,
  0x44, 0x81, 0x02, 0x88, 0x04, 0x42, 0x0c, 0x08, 0x00, 0x02, 0xbe, 0xc1,
  0x42, 0xc8, 0x0c, 0x02, 0x30, 0x42, 0x0e, 0x00, 0x24, 0x00, 0x00, 0x00,
  0xa4, 0x07, 0x00, 0x00, 0x14, 0xca, 0xff, 0xff, 0x1e, 0x00, 0x00, 0x00,
  0x00, 0x42, 0x0e, 0x20, 0x44, 0x81, 0x02, 0x88, 0x04, 0x42, 0x0c, 0x08,
  0x00, 0x50, 0xc1, 0x42, 0xc8, 0x0c, 0x02, 0x20, 0x42, 0x0e, 0x00, 0x00,
  0x24, 0x00, 0x00, 0x00, 0xcc, 0x07, 0x00, 0x00, 0x0a, 0xca, 0xff, 0xff,
  0x3e, 0x00, 0x00, 0x00, 0x00, 0x42, 0x0e, 0x20, 0x44, 0x81, 0x02, 0x88,
  0x04, 0x42, 0x0c, 0x08, 0x00, 0x70, 0xc1, 0x42, 0xc8, 0x0c, 0x02, 0x20,
  0x42, 0x0e, 0x00, 0x00, 0x24, 0x00, 0x00, 0x00, 0xf4, 0x07, 0x00, 0x00,
  0x20, 0xca, 0xff, 0xff, 0x72, 0x00, 0x00, 0x00, 0x00, 0x42, 0x0e, 0x30,
  0x44, 0x81, 0x02, 0x88, 0x04, 0x42, 0x0c, 0x08, 0x00, 0x02, 0x64, 0xc1,
  0x42, 0xc8, 0x0c, 0x02, 0x30, 0x42, 0x0e, 0x00, 0x28, 0x00, 0x00, 0x00,
  0x1c, 0x08, 0x00, 0x00, 0x6a, 0xca, 0xff, 0xff, 0x6a, 0x02, 0x00, 0x00,
  0x00, 0x42, 0x0e, 0x30, 0x44, 0x81, 0x02, 0x88, 0x04, 0x42, 0x0c, 0x08,
  0x00, 0x03, 0x5c, 0x02, 0xc1, 0x42, 0xc8, 0x0c, 0x02, 0x30, 0x42, 0x0e,
  0x00, 0x00, 0x00, 0x00, 0x28, 0x00, 0x00, 0x00, 0x48, 0x08, 0x00, 0x00,
  0xa8, 0xcc, 0xff, 0xff, 0x76, 0x02, 0x00, 0x00, 0x00, 0x42, 0x0e, 0x30,
  0x44, 0x81, 0x02, 0x88, 0x04, 0x42, 0x0c, 0x08, 0x00, 0x03, 0x68, 0x02,
  0xc1, 0x42, 0xc8, 0x0c, 0x02, 0x30, 0x42, 0x0e, 0x00, 0x00, 0x00, 0x00,
  0x28, 0x00, 0x00, 0x00, 0x74, 0x08, 0x00, 0x00, 0xf2, 0xce, 0xff, 0xff,
  0x96, 0x01, 0x00, 0x00, 0x00, 0x42, 0x0e, 0x30, 0x44, 0x81, 0x02, 0x88,
  0x04, 0x42, 0x0c, 0x08, 0x00, 0x03, 0x88, 0x01, 0xc1, 0x42, 0xc8, 0x0c,
  0x02, 0x30, 0x42, 0x0e, 0x00, 0x00, 0x00, 0x00, 0x24, 0x00, 0x00, 0x00,
  0xa0, 0x08, 0x00, 0x00, 0x5c, 0xd0, 0xff, 0xff, 0xfc, 0x00, 0x00, 0x00,
  0x00, 0x42, 0x0e, 0x30, 0x44, 0x81, 0x02, 0x88, 0x04, 0x42, 0x0c, 0x08,
  0x00, 0x02, 0xee, 0xc1, 0x42, 0xc8, 0x0c, 0x02, 0x30, 0x42, 0x0e, 0x00,
  0x28, 0x00, 0x00, 0x00, 0xc8, 0x08, 0x00, 0x00, 0x30, 0xd1, 0xff, 0xff,
  0x0a, 0x01, 0x00, 0x00, 0x00, 0x42, 0x0e, 0x40, 0x44, 0x81, 0x02, 0x88,
  0x04, 0x42, 0x0c, 0x08, 0x00, 0x03, 0xfc, 0x00, 0xc1, 0x42, 0xc8, 0x0c,
  0x02, 0x40, 0x42, 0x0e, 0x00, 0x00, 0x00, 0x00, 0x24, 0x00, 0x00, 0x00,
  0xf4, 0x08, 0x00, 0x00, 0x0e, 0xd2, 0xff, 0xff, 0xcc, 0x00, 0x00, 0x00,
  0x00, 0x42, 0x0e, 0x30, 0x44, 0x81, 0x02, 0x88, 0x04, 0x42, 0x0c, 0x08,
  0x00, 0x02, 0xbe, 0xc1, 0x42, 0xc8, 0x0c, 0x02, 0x30, 0x42, 0x0e, 0x00,
  0x28, 0x00, 0x00, 0x00, 0x1c, 0x09, 0x00, 0x00, 0xb2, 0xd2, 0xff, 0xff,
  0x46, 0x01, 0x00, 0x00, 0x00, 0x42, 0x0e, 0x30, 0x44, 0x81, 0x02, 0x88,
  0x04, 0x42, 0x0c, 0x08, 0x00, 0x03, 0x38, 0x01, 0xc1, 0x42, 0xc8, 0x0c,
  0x02, 0x30, 0x42, 0x0e, 0x00, 0x00, 0x00, 0x00, 0x28, 0x00, 0x00, 0x00,
  0x48, 0x09, 0x00, 0x00, 0xcc, 0xd3, 0xff, 0xff, 0x4e, 0x01, 0x00, 0x00,
  0x00, 0x42, 0x0e, 0x40, 0x44, 0x81, 0x02, 0x88, 0x04, 0x42, 0x0c, 0x08,
  0x00, 0x03, 0x40, 0x01, 0xc1, 0x42, 0xc8, 0x0c, 0x02, 0x40, 0x42, 0x0e,
  0x00, 0x00, 0x00, 0x00, 0x24, 0x00, 0x00, 0x00, 0x74, 0x09, 0x00, 0x00,
  0xee, 0xd4, 0xff, 0xff, 0xc2, 0x00, 0x00, 0x00, 0x00, 0x42, 0x0e, 0x30,
  0x44, 0x81, 0x02, 0x88, 0x04, 0x42, 0x0c, 0x08, 0x00, 0x02, 0xb4, 0xc1,
  0x42, 0xc8, 0x0c, 0x02, 0x30, 0x42, 0x0e, 0x00, 0x28, 0x00, 0x00, 0x00,
  0x9c, 0x09, 0x00, 0x00, 0x88, 0xd5, 0xff, 0xff, 0x68, 0x01, 0x00, 0x00,
  0x00, 0x42, 0x0e, 0x30, 0x44, 0x81, 0x02, 0x88, 0x04, 0x42, 0x0c, 0x08,
  0x00, 0x03, 0x5a, 0x01, 0xc1, 0x42, 0xc8, 0x0c, 0x02, 0x30, 0x42, 0x0e,
  0x00, 0x00, 0x00, 0x00, 0x24, 0x00, 0x00, 0x00, 0xc8, 0x09, 0x00, 0x00,
  0xc4, 0xd6, 0xff, 0xff, 0x72, 0x00, 0x00, 0x00, 0x00, 0x42, 0x0e, 0x20,
  0x44, 0x81, 0x02, 0x88, 0x04, 0x42, 0x0c, 0x08, 0x00, 0x02, 0x64, 0xc1,
  0x42, 0xc8, 0x0c, 0x02, 0x20, 0x42, 0x0e, 0x00, 0x24, 0x00, 0x00, 0x00,
  0xf0, 0x09, 0x00, 0x00, 0x0e, 0xd7, 0xff, 0xff, 0xb0, 0x00, 0x00, 0x00,
  0x00, 0x42, 0x0e, 0x20, 0x44, 0x81, 0x02, 0x88, 0x04, 0x42, 0x0c, 0x08,
  0x00, 0x02, 0xa2, 0xc1, 0x42, 0xc8, 0x0c, 0x02, 0x20, 0x42, 0x0e, 0x00,
  0x24, 0x00, 0x00, 0x00, 0x18, 0x0a, 0x00, 0x00, 0x96, 0xd7, 0xff, 0xff,
  0xe0, 0x00, 0x00, 0x00, 0x00, 0x42, 0x0e, 0x30, 0x44, 0x81, 0x02, 0x88,
  0x04, 0x42, 0x0c, 0x08, 0x00, 0x02, 0xd2, 0xc1, 0x42, 0xc8, 0x0c, 0x02,
  0x30, 0x42, 0x0e, 0x00, 0x24, 0x00, 0x00, 0x00, 0x40, 0x0a, 0x00, 0x00,
  0x4e, 0xd8, 0xff, 0xff, 0xf2, 0x00, 0x00, 0x00, 0x00, 0x42, 0x0e, 0x20,
  0x44, 0x81, 0x02, 0x88, 0x04, 0x42, 0x0c, 0x08, 0x00, 0x02, 0xe4, 0xc1,
  0x42, 0xc8, 0x0c, 0x02, 0x20, 0x42, 0x0e, 0x00, 0x28, 0x00, 0x00, 0x00,
  0x68, 0x0a, 0x00, 0x00, 0x18, 0xd9, 0xff, 0xff, 0xf0, 0x01, 0x00, 0x00,
  0x00, 0x42, 0x0e, 0x20, 0x44, 0x81, 0x02, 0x88, 0x04, 0x42, 0x0c, 0x08,
  0x00, 0x03, 0xe2, 0x01, 0xc1, 0x42, 0xc8, 0x0c, 0x02, 0x20, 0x42, 0x0e,
  0x00, 0x00, 0x00, 0x00, 0x24, 0x00, 0x00, 0x00, 0x94, 0x0a, 0x00, 0x00,
  0xdc, 0xda, 0xff, 0xff, 0x38, 0x00, 0x00, 0x00, 0x00, 0x42, 0x0e, 0x20,
  0x44, 0x81, 0x02, 0x88, 0x04, 0x42, 0x0c, 0x08, 0x00, 0x6a, 0xc1, 0x42,
  0xc8, 0x0c, 0x02, 0x20, 0x42, 0x0e, 0x00, 0x00, 0x24, 0x00, 0x00, 0x00,
  0xbc, 0x0a, 0x00, 0x00, 0xec, 0xda, 0xff, 0xff, 0xd8, 0x00, 0x00, 0x00,
  0x00, 0x42, 0x0e, 0x30, 0x44, 0x81, 0x02, 0x88, 0x04, 0x42, 0x0c, 0x08,
  0x00, 0x02, 0xca, 0xc1, 0x42, 0xc8, 0x0c, 0x02, 0x30, 0x42, 0x0e, 0x00,
  0x24, 0x00, 0x00, 0x00, 0xe4, 0x0a, 0x00, 0x00, 0x9c, 0xdb, 0xff, 0xff,
  0x20, 0x00, 0x00, 0x00, 0x00, 0x42, 0x0e, 0x20, 0x44, 0x81, 0x02, 0x88,
  0x04, 0x42, 0x0c, 0x08, 0x00, 0x52, 0xc1, 0x42, 0xc8, 0x0c, 0x02, 0x20,
  0x42, 0x0e, 0x00, 0x00, 0x24, 0x00, 0x00, 0x00, 0x0c, 0x0b, 0x00, 0x00,
  0x94, 0xdb, 0xff, 0xff, 0x20, 0x00, 0x00, 0x00, 0x00, 0x42, 0x0e, 0x20,
  0x44, 0x81, 0x02, 0x88, 0x04, 0x42, 0x0c, 0x08, 0x00, 0x52, 0xc1, 0x42,
  0xc8, 0x0c, 0x02, 0x20, 0x42, 0x0e, 0x00, 0x00, 0x24, 0x00, 0x00, 0x00,
  0x34, 0x0b, 0x00, 0x00, 0x8c, 0xdb, 0xff, 0xff, 0x5e, 0x00, 0x00, 0x00,
  0x00, 0x42, 0x0e, 0x20, 0x44, 0x81, 0x02, 0x88, 0x04, 0x42, 0x0c, 0x08,
  0x00, 0x02, 0x50, 0xc1, 0x42, 0xc8, 0x0c, 0x02, 0x20, 0x42, 0x0e, 0x00,
  0x24, 0x00, 0x00, 0x00, 0x5c, 0x0b, 0x00, 0x00, 0xc2, 0xdb, 0xff, 0xff,
  0x42, 0x00, 0x00, 0x00, 0x00, 0x42, 0x0e, 0x20, 0x44, 0x81, 0x02, 0x88,
  0x04, 0x42, 0x0c, 0x08, 0x00, 0x74, 0xc1, 0x42, 0xc8, 0x0c, 0x02, 0x20,
  0x42, 0x0e, 0x00, 0x00, 0x2c, 0x00, 0x00, 0x00, 0x84, 0x0b, 0x00, 0x00,
  0xdc, 0xdb, 0xff, 0xff, 0x66, 0x02, 0x00, 0x00, 0x00, 0x42, 0x0e, 0x50,
  0x46, 0x81, 0x02, 0x88, 0x04, 0x89, 0x06, 0x42, 0x0c, 0x08, 0x00, 0x03,
  0x54, 0x02, 0xc1, 0x42, 0xc8, 0x0c, 0x02, 0x50, 0x42, 0xc9, 0x42, 0x0e,
  0x00, 0x00, 0x00, 0x00, 0x24, 0x00, 0x00, 0x00, 0xb4, 0x0b, 0x00, 0x00,
  0x12, 0xde, 0xff, 0xff, 0x20, 0x00, 0x00, 0x00, 0x00, 0x42, 0x0e, 0x20,
  0x44, 0x81, 0x02, 0x88, 0x04, 0x42, 0x0c, 0x08, 0x00, 0x52, 0xc1, 0x42,
  0xc8, 0x0c, 0x02, 0x20, 0x42, 0x0e, 0x00, 0x00, 0x24, 0x00, 0x00, 0x00,
  0xdc, 0x0b, 0x00, 0x00, 0x0a, 0xde, 0xff, 0xff, 0x20, 0x00, 0x00, 0x00,
  0x00, 0x42, 0x0e, 0x20, 0x44, 0x81, 0x02, 0x88, 0x04, 0x42, 0x0c, 0x08,
  0x00, 0x52, 0xc1, 0x42, 0xc8, 0x0c, 0x02, 0x20, 0x42, 0x0e, 0x00, 0x00,
  0x24, 0x00, 0x00, 0x00, 0x04, 0x0c, 0x00, 0x00, 0x02, 0xde, 0xff, 0xff,
  0x28, 0x00, 0x00, 0x00, 0x00, 0x42, 0x0e, 0x20, 0x44, 0x81, 0x02, 0x88,
  0x04, 0x42, 0x0c, 0x08, 0x00, 0x5a, 0xc1, 0x42, 0xc8, 0x0c, 0x02, 0x20,
  0x42, 0x0e, 0x00, 0x00, 0x24, 0x00, 0x00, 0x00, 0x2c, 0x0c, 0x00, 0x00,
  0x02, 0xde, 0xff, 0xff, 0xa4, 0x00, 0x00, 0x00, 0x00, 0x42, 0x0e, 0x30,
  0x44, 0x81, 0x02, 0x88, 0x04, 0x42, 0x0c, 0x08, 0x00, 0x02, 0x96, 0xc1,
  0x42, 0xc8, 0x0c, 0x02, 0x30, 0x42, 0x0e, 0x00, 0x24, 0x00, 0x00, 0x00,
  0x54, 0x0c, 0x00, 0x00, 0x7e, 0xde, 0xff, 0xff, 0x60, 0x00, 0x00, 0x00,
  0x00, 0x42, 0x0e, 0x30, 0x44, 0x81, 0x02, 0x88, 0x04, 0x42, 0x0c, 0x08,
  0x00, 0x02, 0x52, 0xc1, 0x42, 0xc8, 0x0c, 0x02, 0x30, 0x42, 0x0e, 0x00,
  0x28, 0x00, 0x00, 0x00, 0x7c, 0x0c, 0x00, 0x00, 0xb6, 0xde, 0xff, 0xff,
  0x0c, 0x02, 0x00, 0x00, 0x00, 0x42, 0x0e, 0x40, 0x44, 0x81, 0x02, 0x88,
  0x04, 0x42, 0x0c, 0x08, 0x00, 0x03, 0xfe, 0x01, 0xc1, 0x42, 0xc8, 0x0c,
  0x02, 0x40, 0x42, 0x0e, 0x00, 0x00, 0x00, 0x00, 0x1c, 0x00, 0x00, 0x00,
  0xa8, 0x0c, 0x00, 0x00, 0x96, 0xe0, 0xff, 0xff, 0x46, 0x00, 0x00, 0x00,
  0x00, 0x42, 0x0e, 0x30, 0x44, 0x81, 0x02, 0x88, 0x04, 0x42, 0x0c, 0x08,
  0x00, 0x00, 0x00, 0x00, 0x24, 0x00, 0x00, 0x00, 0xc8, 0x0c, 0x00, 0x00,
  0xbc, 0xe0, 0xff, 0xff, 0x28, 0x00, 0x00, 0x00, 0x00, 0x42, 0x0e, 0x20,
  0x44, 0x81, 0x02, 0x88, 0x04, 0x42, 0x0c, 0x08, 0x00, 0x5a, 0xc1, 0x42,
  0xc8, 0x0c, 0x02, 0x20, 0x42, 0x0e, 0x00, 0x00, 0x24, 0x00, 0x00, 0x00,
  0xf0, 0x0c, 0x00, 0x00, 0xbc, 0xe0, 0xff, 0xff, 0x28, 0x00, 0x00, 0x00,
  0x00, 0x42, 0x0e, 0x20, 0x44, 0x81, 0x02, 0x88, 0x04, 0x42, 0x0c, 0x08,
  0x00, 0x5a, 0xc1, 0x42, 0xc8, 0x0c, 0x02, 0x20, 0x42, 0x0e, 0x00, 0x00,
  0x24, 0x00, 0x00, 0x00, 0x18, 0x0d, 0x00, 0x00, 0xbc, 0xe0, 0xff, 0xff,
  0x28, 0x00, 0x00, 0x00, 0x00, 0x42, 0x0e, 0x20, 0x44, 0x81, 0x02, 0x88,
  0x04, 0x42, 0x0c, 0x08, 0x00, 0x5a, 0xc1, 0x42, 0xc8, 0x0c, 0x02, 0x20,
  0x42, 0x0e, 0x00, 0x00, 0x24, 0x00, 0x00, 0x00, 0x40, 0x0d, 0x00, 0x00,
  0xbc, 0xe0, 0xff, 0xff, 0x28, 0x00, 0x00, 0x00, 0x00, 0x42, 0x0e, 0x20,
  0x44, 0x81, 0x02, 0x88, 0x04, 0x42, 0x0c, 0x08, 0x00, 0x5a, 0xc1, 0x42,
  0xc8, 0x0c, 0x02, 0x20, 0x42, 0x0e, 0x00, 0x00, 0x24, 0x00, 0x00, 0x00,
  0x68, 0x0d, 0x00, 0x00, 0xbc, 0xe0, 0xff, 0xff, 0x30, 0x00, 0x00, 0x00,
  0x00, 0x42, 0x0e, 0x20, 0x44, 0x81, 0x02, 0x88, 0x04, 0x42, 0x0c, 0x08,
  0x00, 0x62, 0xc1, 0x42, 0xc8, 0x0c, 0x02, 0x20, 0x42, 0x0e, 0x00, 0x00,
  0x28, 0x00, 0x00, 0x00, 0x90, 0x0d, 0x00, 0x00, 0xc4, 0xe0, 0xff, 0xff,
  0xb8, 0x00, 0x00, 0x00, 0x00, 0x42, 0x0e, 0x30, 0x44, 0x81, 0x02, 0x88,
  0x04, 0x42, 0x0c, 0x08, 0x00, 0x02, 0xaa, 0xc1, 0x42, 0xc8, 0x0c, 0x02,
  0x30, 0x42, 0x0e, 0x00, 0x00, 0x00, 0x00, 0x00, 0x24, 0x00, 0x00, 0x00,
  0xbc, 0x0d, 0x00, 0x00, 0x50, 0xe1, 0xff, 0xff, 0xfc, 0x00, 0x00, 0x00,
  0x00, 0x42, 0x0e, 0x30, 0x44, 0x81, 0x02, 0x88, 0x04, 0x42, 0x0c, 0x08,
  0x00, 0x02, 0xee, 0xc1, 0x42, 0xc8, 0x0c, 0x02, 0x30, 0x42, 0x0e, 0x00,
  0x24, 0x00, 0x00, 0x00, 0xe4, 0x0d, 0x00, 0x00, 0x24, 0xe2, 0xff, 0xff,
  0xa4, 0x00, 0x00, 0x00, 0x00, 0x42, 0x0e, 0x20, 0x44, 0x81, 0x02, 0x88,
  0x04, 0x42, 0x0c, 0x08, 0x00, 0x02, 0x96, 0xc1, 0x42, 0xc8, 0x0c, 0x02,
  0x20, 0x42, 0x0e, 0x00, 0x24, 0x00, 0x00, 0x00, 0x0c, 0x0e, 0x00, 0x00,
  0xa0, 0xe2, 0xff, 0xff, 0xc6, 0x00, 0x00, 0x00, 0x00, 0x42, 0x0e, 0x30,
  0x44, 0x81, 0x02, 0x88, 0x04, 0x42, 0x0c, 0x08, 0x00, 0x02, 0xb8, 0xc1,
  0x42, 0xc8, 0x0c, 0x02, 0x30, 0x42, 0x0e, 0x00, 0x28, 0x00, 0x00, 0x00,
  0x34, 0x0e, 0x00, 0x00, 0x3e, 0xe3, 0xff, 0xff, 0xf2, 0x00, 0x00, 0x00,
  0x00, 0x42, 0x0e, 0x40, 0x46, 0x81, 0x02, 0x88, 0x04, 0x89, 0x06, 0x42,
  0x0c, 0x08, 0x00, 0x02, 0xe0, 0xc1, 0x42, 0xc8, 0x0c, 0x02, 0x40, 0x42,
  0xc9, 0x42, 0x0e, 0x00, 0x2c, 0x00, 0x00, 0x00, 0x60, 0x0e, 0x00, 0x00,
  0x04, 0xe4, 0xff, 0xff, 0xc4, 0x01, 0x00, 0x00, 0x00, 0x42, 0x0e, 0x60,
  0x46, 0x81, 0x02, 0x88, 0x04, 0x89, 0x06, 0x42, 0x0c, 0x08, 0x00, 0x03,
  0xb2, 0x01, 0xc1, 0x42, 0xc8, 0x0c, 0x02, 0x60, 0x42, 0xc9, 0x42, 0x0e,
  0x00, 0x00, 0x00, 0x00, 0x24, 0x00, 0x00, 0x00, 0x90, 0x0e, 0x00, 0x00,
  0x98, 0xe5, 0xff, 0xff, 0x52, 0x00, 0x00, 0x00, 0x00, 0x42, 0x0e, 0x30,
  0x44, 0x81, 0x02, 0x88, 0x04, 0x42, 0x0c, 0x08, 0x00, 0x02, 0x44, 0xc1,
  0x42, 0xc8, 0x0c, 0x02, 0x30, 0x42, 0x0e, 0x00, 0x24, 0x00, 0x00, 0x00,
  0xb8, 0x0e, 0x00, 0x00, 0xc2, 0xe5, 0xff, 0xff, 0xd0, 0x00, 0x00, 0x00,
  0x00, 0x42, 0x0e, 0x20, 0x44, 0x81, 0x02, 0x88, 0x04, 0x42, 0x0c, 0x08,
  0x00, 0x02, 0xc2, 0xc1, 0x42, 0xc8, 0x0c, 0x02, 0x20, 0x42, 0x0e, 0x00,
  0x28, 0x00, 0x00, 0x00, 0xe0, 0x0e, 0x00, 0x00, 0x6a, 0xe6, 0xff, 0xff,
  0x5c, 0x02, 0x00, 0x00, 0x00, 0x42, 0x0e, 0x60, 0x44, 0x81, 0x02, 0x88,
  0x04, 0x42, 0x0c, 0x08, 0x00, 0x03, 0x4e, 0x02, 0xc1, 0x42, 0xc8, 0x0c,
  0x02, 0x60, 0x42, 0x0e, 0x00, 0x00, 0x00, 0x00, 0x24, 0x00, 0x00, 0x00,
  0x0c, 0x0f, 0x00, 0x00, 0x9c, 0xe8, 0xff, 0xff, 0x50, 0x00, 0x00, 0x00,
  0x00, 0x42, 0x0e, 0x30, 0x44, 0x81, 0x02, 0x88, 0x04, 0x42, 0x0c, 0x08,
  0x00, 0x02, 0x42, 0xc1, 0x42, 0xc8, 0x0c, 0x02, 0x30, 0x42, 0x0e, 0x00,
  0x24, 0x00, 0x00, 0x00, 0x34, 0x0f, 0x00, 0x00, 0xc4, 0xe8, 0xff, 0xff,
  0x90, 0x00, 0x00, 0x00, 0x00, 0x42, 0x0e, 0x30, 0x44, 0x81, 0x02, 0x88,
  0x04, 0x42, 0x0c, 0x08, 0x00, 0x02, 0x82, 0xc1, 0x42, 0xc8, 0x0c, 0x02,
  0x30, 0x42, 0x0e, 0x00, 0x24, 0x00, 0x00, 0x00, 0x5c, 0x0f, 0x00, 0x00,
  0x2c, 0xe9, 0xff, 0xff, 0x18, 0x00, 0x00, 0x00, 0x00, 0x42, 0x0e, 0x20,
  0x44, 0x81, 0x02, 0x88, 0x04, 0x42, 0x0c, 0x08, 0x00, 0x4a, 0xc1, 0x42,
  0xc8, 0x0c, 0x02, 0x20, 0x42, 0x0e, 0x00, 0x00, 0x24, 0x00, 0x00, 0x00,
  0x84, 0x0f, 0x00, 0x00, 0x1c, 0xe9, 0xff, 0xff, 0x18, 0x00, 0x00, 0x00,
  0x00, 0x42, 0x0e, 0x20, 0x44, 0x81, 0x02, 0x88, 0x04, 0x42, 0x0c, 0x08,
  0x00, 0x4a, 0xc1, 0x42, 0xc8, 0x0c, 0x02, 0x20, 0x42, 0x0e, 0x00, 0x00,
  0x24, 0x00, 0x00, 0x00, 0xac, 0x0f, 0x00, 0x00, 0x0c, 0xe9, 0xff, 0xff,
  0x36, 0x00, 0x00, 0x00, 0x00, 0x42, 0x0e, 0x10, 0x44, 0x81, 0x02, 0x88,
  0x04, 0x42, 0x0c, 0x08, 0x00, 0x68, 0xc1, 0x42, 0xc8, 0x0c, 0x02, 0x10,
  0x42, 0x0e, 0x00, 0x00, 0x01, 0x1b, 0x03, 0x3b, 0x2c, 0xf0, 0xff, 0xff,
  0x62, 0x00, 0x00, 0x00, 0x68, 0x91, 0xff, 0xff, 0x44, 0xf0, 0xff, 0xff,
  0x7a, 0x91, 0xff, 0xff, 0x6c, 0xf0, 0xff, 0xff, 0xa0, 0x91, 0xff, 0xff,
  0x98, 0xf0, 0xff, 0xff, 0xe2, 0x91, 0xff, 0xff, 0xc0, 0xf0, 0xff, 0xff,
  0x06, 0x92, 0xff, 0xff, 0xe8, 0xf0, 0xff, 0xff, 0x3e, 0x92, 0xff, 0xff,
  0x10, 0xf1, 0xff, 0xff, 0x82, 0x92, 0xff, 0xff, 0x38, 0xf1, 0xff, 0xff,
  0xd6, 0x92, 0xff, 0xff, 0x60, 0xf1, 0xff, 0xff, 0x1a, 0x93, 0xff, 0xff,
  0x88, 0xf1, 0xff, 0xff, 0x86, 0x93, 0xff, 0xff, 0xb0, 0xf1, 0xff, 0xff,
  0x98, 0x94, 0xff, 0xff, 0xdc, 0xf1, 0xff, 0xff, 0x32, 0x97, 0xff, 0xff,
  0x08, 0xf2, 0xff, 0xff, 0x48, 0x98, 0xff, 0xff, 0x34, 0xf2, 0xff, 0xff,
  0x5e, 0x99, 0xff, 0xff, 0x60, 0xf2, 0xff, 0xff, 0x0e, 0x9f, 0xff, 0xff,
  0x8c, 0xf2, 0xff, 0xff, 0xde, 0xa3, 0xff, 0xff, 0xb8, 0xf2, 0xff, 0xff,
  0xc0, 0xb0, 0xff, 0xff, 0xe4, 0xf2, 0xff, 0xff, 0x22, 0xb1, 0xff, 0xff,
  0x10, 0xf3, 0xff, 0xff, 0x86, 0xb1, 0xff, 0xff, 0x38, 0xf3, 0xff, 0xff,
  0xee, 0xb1, 0xff, 0xff, 0x60, 0xf3, 0xff, 0xff, 0x26, 0xb2, 0xff, 0xff,
  0x88, 0xf3, 0xff, 0xff, 0x66, 0xb2, 0xff, 0xff, 0xb0, 0xf3, 0xff, 0xff,
  0xdc, 0xb2, 0xff, 0xff, 0xe0, 0xf3, 0xff, 0xff, 0x12, 0xb3, 0xff, 0xff,
  0x08, 0xf4, 0xff, 0xff, 0x3c, 0xb3, 0xff, 0xff, 0x30, 0xf4, 0xff, 0xff,
  0x7c, 0xb3, 0xff, 0xff, 0x58, 0xf4, 0xff, 0xff, 0x98, 0xb3, 0xff, 0xff,
  0x78, 0xf4, 0xff, 0xff, 0xec, 0xb4, 0xff, 0xff, 0xa4, 0xf4, 0xff, 0xff,
  0x4e, 0xb5, 0xff, 0xff, 0xcc, 0xf4, 0xff, 0xff, 0xb4, 0xb5, 0xff, 0xff,
  0xf4, 0xf4, 0xff, 0xff, 0x2e, 0xb6, 0xff, 0xff, 0x1c, 0xf5, 0xff, 0xff,
  0x5a, 0xb6, 0xff, 0xff, 0x44, 0xf5, 0xff, 0xff, 0xc0, 0xb6, 0xff, 0xff,
  0x6c, 0xf5, 0xff, 0xff, 0x90, 0xb7, 0xff, 0xff, 0x94, 0xf5, 0xff, 0xff,
  0x3c, 0xb8, 0xff, 0xff, 0xbc, 0xf5, 0xff, 0xff, 0xa4, 0xb8, 0xff, 0xff,
  0xe8, 0xf5, 0xff, 0xff, 0x22, 0xb9, 0xff, 0xff, 0x10, 0xf6, 0xff, 0xff,
  0xc8, 0xb9, 0xff, 0xff, 0x38, 0xf6, 0xff, 0xff, 0x04, 0xbb, 0xff, 0xff,
  0x64, 0xf6, 0xff, 0xff, 0x6c, 0xbb, 0xff, 0xff, 0x8c, 0xf6, 0xff, 0xff,
  0xee, 0xbb, 0xff, 0xff, 0xb4, 0xf6, 0xff, 0xff, 0xa4, 0xbc, 0xff, 0xff,
  0xdc, 0xf6, 0xff, 0xff, 0x1a, 0xbd, 0xff, 0xff, 0x04, 0xf7, 0xff, 0xff,
  0xda, 0xbe, 0xff, 0xff, 0x30, 0xf7, 0xff, 0xff, 0x88, 0xbf, 0xff, 0xff,
  0x58, 0xf7, 0xff, 0xff, 0x54, 0xc0, 0xff, 0xff, 0x80, 0xf7, 0xff, 0xff,
  0x20, 0xc1, 0xff, 0xff, 0xa8, 0xf7, 0xff, 0xff, 0xec, 0xc1, 0xff, 0xff,
  0xd0, 0xf7, 0xff, 0xff, 0x0a, 0xc2, 0xff, 0xff, 0xf8, 0xf7, 0xff, 0xff,
  0x48, 0xc2, 0xff, 0xff, 0x20, 0xf8, 0xff, 0xff, 0xba, 0xc2, 0xff, 0xff,
  0x48, 0xf8, 0xff, 0xff, 0x24, 0xc5, 0xff, 0xff, 0x74, 0xf8, 0xff, 0xff,
  0x9a, 0xc7, 0xff, 0xff, 0xa0, 0xf8, 0xff, 0xff, 0x30, 0xc9, 0xff, 0xff,
  0xcc, 0xf8, 0xff, 0xff, 0x2c, 0xca, 0xff, 0xff, 0xf4, 0xf8, 0xff, 0xff,
  0x36, 0xcb, 0xff, 0xff, 0x20, 0xf9, 0xff, 0xff, 0x02, 0xcc, 0xff, 0xff,
  0x48, 0xf9, 0xff, 0xff, 0x48, 0xcd, 0xff, 0xff, 0x74, 0xf9, 0xff, 0xff,
  0x96, 0xce, 0xff, 0xff, 0xa0, 0xf9, 0xff, 0xff, 0x58, 0xcf, 0xff, 0xff,
  0xc8, 0xf9, 0xff, 0xff, 0xc0, 0xd0, 0xff, 0xff, 0xf4, 0xf9, 0xff, 0xff,
  0x32, 0xd1, 0xff, 0xff, 0x1c, 0xfa, 0xff, 0xff, 0xe2, 0xd1, 0xff, 0xff,
  0x44, 0xfa, 0xff, 0xff, 0xc2, 0xd2, 0xff, 0xff, 0x6c, 0xfa, 0xff, 0xff,
  0xb4, 0xd3, 0xff, 0xff, 0x94, 0xfa, 0xff, 0xff, 0xa4, 0xd5, 0xff, 0xff,
  0xc0, 0xfa, 0xff, 0xff, 0xdc, 0xd5, 0xff, 0xff, 0xe8, 0xfa, 0xff, 0xff,
  0xb4, 0xd6, 0xff, 0xff, 0x10, 0xfb, 0xff, 0xff, 0xd4, 0xd6, 0xff, 0xff,
  0x38, 0xfb, 0xff, 0xff, 0xf4, 0xd6, 0xff, 0xff, 0x60, 0xfb, 0xff, 0xff,
  0x52, 0xd7, 0xff, 0xff, 0x88, 0xfb, 0xff, 0xff, 0x94, 0xd7, 0xff, 0xff,
  0xb0, 0xfb, 0xff, 0xff, 0xfa, 0xd9, 0xff, 0xff, 0xe0, 0xfb, 0xff, 0xff,
  0x1a, 0xda, 0xff, 0xff, 0x08, 0xfc, 0xff, 0xff, 0x3a, 0xda, 0xff, 0xff,
  0x30, 0xfc, 0xff, 0xff, 0x62, 0xda, 0xff, 0xff, 0x58, 0xfc, 0xff, 0xff,
  0x06, 0xdb, 0xff, 0xff, 0x80, 0xfc, 0xff, 0xff, 0x66, 0xdb, 0xff, 0xff,
  0xa8, 0xfc, 0xff, 0xff, 0x72, 0xdd, 0xff, 0xff, 0xd4, 0xfc, 0xff, 0xff,
  0xb8, 0xdd, 0xff, 0xff, 0xf4, 0xfc, 0xff, 0xff, 0xe0, 0xdd, 0xff, 0xff,
  0x1c, 0xfd, 0xff, 0xff, 0x08, 0xde, 0xff, 0xff, 0x44, 0xfd, 0xff, 0xff,
  0x30, 0xde, 0xff, 0xff, 0x6c, 0xfd, 0xff, 0xff, 0x58, 0xde, 0xff, 0xff,
  0x94, 0xfd, 0xff, 0xff, 0x88, 0xde, 0xff, 0xff, 0xbc, 0xfd, 0xff, 0xff,
  0x40, 0xdf, 0xff, 0xff, 0xe8, 0xfd, 0xff, 0xff, 0x3c, 0xe0, 0xff, 0xff,
  0x10, 0xfe, 0xff, 0xff, 0xe0, 0xe0, 0xff, 0xff, 0x38, 0xfe, 0xff, 0xff,
  0xa6, 0xe1, 0xff, 0xff, 0x60, 0xfe, 0xff, 0xff, 0x98, 0xe2, 0xff, 0xff,
  0x8c, 0xfe, 0xff, 0xff, 0x5c, 0xe4, 0xff, 0xff, 0xbc, 0xfe, 0xff, 0xff,
  0xae, 0xe4, 0xff, 0xff, 0xe4, 0xfe, 0xff, 0xff, 0x7e, 0xe5, 0xff, 0xff,
  0x0c, 0xff, 0xff, 0xff, 0xdc, 0xe7, 0xff, 0xff, 0x38, 0xff, 0xff, 0xff,
  0x2c, 0xe8, 0xff, 0xff, 0x60, 0xff, 0xff, 0xff, 0xbc, 0xe8, 0xff, 0xff,
  0x88, 0xff, 0xff, 0xff, 0xd4, 0xe8, 0xff, 0xff, 0xb0, 0xff, 0xff, 0xff,
  0xec, 0xe8, 0xff, 0xff, 0xd8, 0xff, 0xff, 0xff, 0x00, 0x00, 0x00, 0x00,
  0x00, 0x08, 0x00, 0x00, 0x00, 0x00, 0x00, 0x00, 0x20, 0x75, 0x00, 0x80,
  0x00, 0x00, 0x00, 0x00, 0x28, 0x75, 0x00, 0x80, 0x00, 0x00, 0x00, 0x00,
  0x08, 0x5a, 0x00, 0x80, 0x00, 0x00, 0x00, 0x00, 0x00, 0x21, 0x00, 0x00,
  0x00, 0x00, 0x00, 0x00, 0x30, 0x75, 0x00, 0x80, 0x00, 0x00, 0x00, 0x00,
  0xee, 0x3d, 0x00, 0x80, 0x00, 0x00, 0x00, 0x00, 0x38, 0x75, 0x00, 0x80,
  0x00, 0x00, 0x00, 0x00, 0x00, 0x09, 0x00, 0x00, 0x00, 0x00, 0x00, 0x00,
  0x00, 0x41, 0x5b, 0x1b, 0x00, 0x00, 0x00, 0x00, 0x0c, 0x46, 0x00, 0x80,
  0x00, 0x00, 0x00, 0x00, 0x40, 0x75, 0x00, 0x80, 0x00, 0x00, 0x00, 0x00,
  0x00, 0x09, 0x00, 0x00, 0x00, 0x00, 0x00, 0x00, 0x00, 0x42, 0x5b, 0x1b,
  0x00, 0x00, 0x00, 0x00, 0x2c, 0x46, 0x00, 0x80, 0x00, 0x00, 0x00, 0x00,
  0x48, 0x75, 0x00, 0x80, 0x00, 0x00, 0x00, 0x00, 0x00, 0x19, 0x00, 0x00,
  0x00, 0x00, 0x00, 0x00, 0x00, 0x43, 0x5b, 0x1b, 0x00, 0x00, 0x00, 0x00,
  0x4c, 0x46, 0x00, 0x80, 0x00, 0x00, 0x00, 0x00, 0x50, 0x75, 0x00, 0x80,
  0x00, 0x00, 0x00, 0x00, 0x00, 0x19, 0x00, 0x00, 0x00, 0x00, 0x00, 0x00,
  0x00, 0x44, 0x5b, 0x1b, 0x00, 0x00, 0x00, 0x00, 0xaa, 0x46, 0x00, 0x80,
  0x00, 0x00, 0x00, 0x00, 0x58, 0x75, 0x00, 0x80, 0x00, 0x00, 0x00, 0x00,
  0x00, 0x09, 0x00, 0x00, 0x00, 0x00, 0x00, 0x00, 0x00, 0x00, 0x00, 0x09,
  0x00, 0x00, 0x00, 0x00, 0xec, 0x46, 0x00, 0x80, 0x00, 0x00, 0x00, 0x00,
  0x60, 0x75, 0x00, 0x80, 0x00, 0x00, 0x00, 0x00, 0x00, 0x19, 0x00, 0x00,
  0x00, 0x00, 0x00, 0x00, 0x00, 0x00, 0x00, 0x08, 0x00, 0x00, 0x00, 0x00,
  0x52, 0x49, 0x00, 0x80, 0x00, 0x00, 0x00, 0x00, 0x60, 0x5d, 0x00, 0x80,
  0x00, 0x00, 0x00, 0x00, 0x00, 0x19, 0x00, 0x00, 0x00, 0x00, 0x00, 0x00,
  0x00, 0x00, 0x00, 0x7f, 0x00, 0x00, 0x00, 0x00, 0x52, 0x49, 0x00, 0x80,
  0x00, 0x00, 0x00, 0x00, 0x70, 0x5d, 0x00, 0x80, 0x00, 0x00, 0x00, 0x00,
  0x00, 0x19, 0x00, 0x00, 0x00, 0x00, 0x00, 0x00, 0x7e, 0x33, 0x5b, 0x1b,
  0x00, 0x00, 0x00, 0x00, 0x72, 0x49, 0x00, 0x80, 0x00, 0x00, 0x00, 0x00,
  0x68, 0x75, 0x00, 0x80, 0x00, 0x00, 0x00, 0x00, 0x00, 0x19, 0x00, 0x00,
  0x00, 0x00, 0x00, 0x00, 0x00, 0x00, 0x00, 0x0a, 0x00, 0x00, 0x00, 0x00,
  0x92, 0x49, 0x00, 0x80, 0x00, 0x00, 0x00, 0x00, 0x70, 0x75, 0x00, 0x80,
  0x00, 0x00, 0x00, 0x00, 0x00, 0x19, 0x00, 0x00, 0x00, 0x00, 0x00, 0x00,
  0x00, 0x00, 0x00, 0x0d, 0x00, 0x00, 0x00, 0x00, 0x92, 0x49, 0x00, 0x80,
  0x00, 0x00, 0x00, 0x00, 0x78, 0x75, 0x00, 0x80, 0x00, 0x00, 0x00, 0x00,
  0x00, 0x20, 0x00, 0x00, 0x00, 0x00, 0x00, 0x00, 0x80, 0x75, 0x00, 0x80,
  0x00, 0x00, 0x00, 0x00, 0x5e, 0x4a, 0x00, 0x80, 0x00, 0x00, 0x00, 0x00,
  0x80, 0x5d, 0x00, 0x80, 0x00, 0x00, 0x00, 0x00, 0x00, 0x21, 0x00, 0x00,
  0x00, 0x00, 0x00, 0x00, 0x88, 0x75, 0x00, 0x80, 0x00, 0x00, 0x00, 0x00,
  0x10, 0x4d, 0x00, 0x80, 0x00, 0x00, 0x00, 0x00, 0xa0, 0x5d, 0x00, 0x80,
  0x00, 0x00, 0x00, 0x00, 0x00, 0x21, 0x00, 0x00, 0x00, 0x00, 0x00, 0x00,
  0x90, 0x75, 0x00, 0x80, 0x00, 0x00, 0x00, 0x00, 0x38, 0x4d, 0x00, 0x80,
  0x00, 0x00, 0x00, 0x00, 0xb0, 0x5d, 0x00, 0x80, 0x00, 0x00, 0x00, 0x00,
  0x00, 0x21, 0x00, 0x00, 0x00, 0x00, 0x00, 0x00, 0x98, 0x75, 0x00, 0x80,
  0x00, 0x00, 0x00, 0x00, 0x60, 0x4d, 0x00, 0x80, 0x00, 0x00, 0x00, 0x00,
  0xc0, 0x5d, 0x00, 0x80, 0x00, 0x00, 0x00, 0x00, 0x00, 0x21, 0x00, 0x00,
  0x00, 0x00, 0x00, 0x00, 0xa0, 0x75, 0x00, 0x80, 0x00, 0x00, 0x00, 0x00,
  0x88, 0x4d, 0x00, 0x80, 0x00, 0x00, 0x00, 0x00, 0xd0, 0x5d, 0x00, 0x80,
  0x00, 0x00, 0x00, 0x00, 0x00, 0x21, 0x00, 0x00, 0x00, 0x00, 0x00, 0x00,
  0xa8, 0x75, 0x00, 0x80, 0x00, 0x00, 0x00, 0x00, 0xb0, 0x4d, 0x00, 0x80,
  0x00, 0x00, 0x00, 0x00, 0xe0, 0x5d, 0x00, 0x80, 0x00, 0x00, 0x00, 0x00,
  0xf8, 0x77, 0x00, 0x80, 0x00, 0x00, 0x00, 0x00, 0x05, 0x00, 0x00, 0x00,
  0x02, 0x00, 0x00, 0x00, 0x00, 0x00, 0x00, 0x00, 0x00, 0x00, 0x00, 0x00,
  0x00, 0x78, 0x00, 0x80, 0x00, 0x00, 0x00, 0x00, 0x05, 0x00, 0x00, 0x00,
  0x01, 0x00, 0x00, 0x00, 0x00, 0x00, 0x00, 0x00, 0x00, 0x00, 0x00, 0x00,
  0x08, 0x78, 0x00, 0x80, 0x00, 0x00, 0x00, 0x00, 0x05, 0x00, 0x00, 0x00,
  0x04, 0x00, 0x00, 0x00, 0x00, 0x00, 0x00, 0x00, 0x00, 0x00, 0x00, 0x00,
  0x10, 0x78, 0x00, 0x80, 0x00, 0x00, 0x00, 0x00, 0x05, 0x00, 0x00, 0x00,
  0x05, 0x00, 0x00, 0x00, 0x00, 0x00, 0x00, 0x00, 0x00, 0x00, 0x00, 0x00,
  0x00, 0x00, 0x00, 0x00, 0x00, 0x00, 0x00, 0x00, 0x6c, 0x65, 0x74, 0x74,
  0x65, 0x72, 0x00, 0x00, 0x00, 0x00, 0x00, 0x00, 0x00, 0x00, 0x00, 0x00,
  0x73, 0x65, 0x74, 0x56, 0x61, 0x72, 0x00, 0x00, 0x73, 0x65, 0x74, 0x20,
  0x76, 0x61, 0x72, 0x00, 0x75, 0x70, 0x00, 0x00, 0x00, 0x00, 0x00, 0x00,
  0x64, 0x6f, 0x77, 0x6e, 0x00, 0x00, 0x00, 0x00, 0x72, 0x69, 0x67, 0x68,
  0x74, 0x00, 0x00, 0x00, 0x6c, 0x65, 0x66, 0x74, 0x00, 0x00, 0x00, 0x00,
  0x74, 0x61, 0x62, 0x00, 0x00, 0x00, 0x00, 0x00, 0x64, 0x65, 0x6c, 0x65,
  0x74, 0x65, 0x00, 0x00, 0x65, 0x6e, 0x74, 0x65, 0x72, 0x00, 0x00, 0x00,
  0x65, 0x6e, 0x74, 0x65, 0x72, 0x00, 0x00, 0x00, 0x68, 0x65, 0x6c, 0x70,
  0x00, 0x00, 0x00, 0x00, 0x75, 0x73, 0x65, 0x72, 0x73, 0x00, 0x00, 0x00,
  0x63, 0x6d, 0x64, 0x73, 0x00, 0x00, 0x00, 0x00, 0x76, 0x61, 0x72, 0x73,
  0x00, 0x00, 0x00, 0x00, 0x6b, 0x65, 0x79, 0x73, 0x00, 0x00, 0x00, 0x00,
  0x63, 0x6c, 0x65, 0x61, 0x72, 0x00, 0x00, 0x00, 0x05, 0x00, 0x00, 0x00,
  0x00, 0x00, 0x00, 0x00, 0x18, 0x5a, 0x00, 0x80, 0x00, 0x00, 0x00, 0x00,
  0x78, 0x5b, 0x00, 0x80, 0x00, 0x00, 0x00, 0x00, 0xa0, 0x5b, 0x00, 0x80,
  0x00, 0x00, 0x00, 0x00, 0xb8, 0x5b, 0x00, 0x80, 0x00, 0x00, 0x00, 0x00,
  0xc8, 0x5b, 0x00, 0x80, 0x00, 0x00, 0x00, 0x00, 0xd8, 0x5b, 0x00, 0x80,
  0x00, 0x00, 0x00, 0x00, 0xe8, 0x5b, 0x00, 0x80, 0x00, 0x00, 0x00, 0x00,
  0x00, 0x5c, 0x00, 0x80, 0x00, 0x00, 0x00, 0x00, 0x18, 0x5c, 0x00, 0x80,
  0x00, 0x00, 0x00, 0x00, 0x38, 0x5c, 0x00, 0x80, 0x00, 0x00, 0x00, 0x00,
  0x48, 0x5c, 0x00, 0x80, 0x00, 0x00, 0x00, 0x00, 0x58, 0x5c, 0x00, 0x80,
  0x00, 0x00, 0x00, 0x00, 0x70, 0x5c, 0x00, 0x80, 0x00, 0x00, 0x00, 0x00,
  0x90, 0x5c, 0x00, 0x80, 0x00, 0x00, 0x00, 0x00, 0xa8, 0x5c, 0x00, 0x80,
  0x00, 0x00, 0x00, 0x00, 0xb8, 0x5c, 0x00, 0x80, 0x00, 0x00, 0x00, 0x00,
  0xc0, 0x5c, 0x00, 0x80, 0x00, 0x00, 0x00, 0x00, 0xc8, 0x5c, 0x00, 0x80,
  0x00, 0x00, 0x00, 0x00, 0xd0, 0x5c, 0x00, 0x80, 0x00, 0x00, 0x00, 0x00,
  0xd8, 0x5c, 0x00, 0x80, 0x00, 0x00, 0x00, 0x00, 0xe0, 0x5c, 0x00, 0x80,
  0x00, 0x00, 0x00, 0x00, 0x01, 0x00, 0x00, 0x00, 0x00, 0x00, 0x00, 0x00,
  0x21, 0x00, 0x00, 0x00, 0x00, 0x00, 0x00, 0x00, 0x04, 0x00, 0x00, 0x00,
  0x00, 0x00, 0x00, 0x00, 0x20, 0x5f, 0x00, 0x80, 0x00, 0x00, 0x00, 0x00,
  0xf5, 0xfe, 0xff, 0x6f, 0x00, 0x00, 0x00, 0x00, 0x50, 0x5f, 0x00, 0x80,
  0x00, 0x00, 0x00, 0x00, 0x05, 0x00, 0x00, 0x00, 0x00, 0x00, 0x00, 0x00,
  0xd8, 0x5e, 0x00, 0x80, 0x00, 0x00, 0x00, 0x00, 0x06, 0x00, 0x00, 0x00,
  0x00, 0x00, 0x00, 0x00, 0x48, 0x5e, 0x00, 0x80, 0x00, 0x00, 0x00, 0x00,
  0x0a, 0x00, 0x00, 0x00, 0x00, 0x00, 0x00, 0x00, 0x48, 0x00, 0x00, 0x00,
  0x00, 0x00, 0x00, 0x00, 0x0b, 0x00, 0x00, 0x00, 0x00, 0x00, 0x00, 0x00,
  0x18, 0x00, 0x00, 0x00, 0x00, 0x00, 0x00, 0x00, 0x15, 0x00, 0x00, 0x00,
  0x00, 0x00, 0x00, 0x00, 0x00, 0x00, 0x00, 0x00, 0x00, 0x00, 0x00, 0x00,
  0x03, 0x00, 0x00, 0x00, 0x00, 0x00, 0x00, 0x00, 0xe8, 0x77, 0x00, 0x80,
  0x00, 0x00, 0x00, 0x00, 0x02, 0x00, 0x00, 0x00, 0x00, 0x00, 0x00, 0x00,
  0x60, 0x00, 0x00, 0x00, 0x00, 0x00, 0x00, 0x00, 0x14, 0x00, 0x00, 0x00,
  0x00, 0x00, 0x00, 0x00, 0x07, 0x00, 0x00, 0x00, 0x00, 0x00, 0x00, 0x00,
  0x17, 0x00, 0x00, 0x00, 0x00, 0x00, 0x00, 0x00, 0xb8, 0x74, 0x00, 0x80,
  0x00, 0x00, 0x00, 0x00, 0x07, 0x00, 0x00, 0x00, 0x00, 0x00, 0x00, 0x00,
  0xb8, 0x74, 0x00, 0x80, 0x00, 0x00, 0x00, 0x00, 0x08, 0x00, 0x00, 0x00,
  0x00, 0x00, 0x00, 0x00, 0x60, 0x00, 0x00, 0x00, 0x00, 0x00, 0x00, 0x00,
  0x09, 0x00, 0x00, 0x00, 0x00, 0x00, 0x00, 0x00, 0x18, 0x00, 0x00, 0x00,
  0x00, 0x00, 0x00, 0x00, 0xfe, 0xff, 0xff, 0x6f, 0x00, 0x00, 0x00, 0x00,
  0x28, 0x5e, 0x00, 0x80, 0x00, 0x00, 0x00, 0x00, 0xff, 0xff, 0xff, 0x6f,
  0x00, 0x00, 0x00, 0x00, 0x01, 0x00, 0x00, 0x00, 0x00, 0x00, 0x00, 0x00,
  0xf0, 0xff, 0xff, 0x6f, 0x00, 0x00, 0x00, 0x00, 0x1a, 0x5e, 0x00, 0x80,
  0x00, 0x00, 0x00, 0x00, 0x00, 0x00, 0x00, 0x00, 0x00, 0x00, 0x00, 0x00,
  0x00, 0x00, 0x00, 0x00, 0x00, 0x00, 0x00, 0x00, 0x00, 0x00, 0x00, 0x00,
  0x00, 0x00, 0x00, 0x00, 0x00, 0x00, 0x00, 0x00, 0x00, 0x00, 0x00, 0x00,
  0x00, 0x00, 0x00, 0x00, 0x00, 0x00, 0x00, 0x00, 0x00, 0x00, 0x00, 0x00,
  0x00, 0x00, 0x00, 0x00, 0x00, 0x00, 0x00, 0x00, 0x00, 0x00, 0x00, 0x00,
  0x00, 0x00, 0x00, 0x00, 0x00, 0x00, 0x00, 0x00, 0x00, 0x00, 0x00, 0x00,
  0x00, 0x00, 0x00, 0x00, 0x00, 0x00, 0x00, 0x00, 0x00, 0x00, 0x00, 0x00,
  0x00, 0x00, 0x00, 0x00, 0x00, 0x00, 0x00, 0x00, 0x00, 0x00, 0x00, 0x00,
  0x00, 0x00, 0x00, 0x00, 0x60, 0x76, 0x00, 0x80, 0x00, 0x00, 0x00, 0x00,
  0xff, 0xff, 0xff, 0xff, 0xff, 0xff, 0xff, 0xff, 0x00, 0x00, 0x00, 0x00,
  0x00, 0x00, 0x00, 0x00, 0x80, 0x58, 0x00, 0x80, 0x00, 0x00, 0x00, 0x00,
  0x80, 0x58, 0x00, 0x80, 0x00, 0x00, 0x00, 0x00, 0x80, 0x58, 0x00, 0x80,
  0x00, 0x00, 0x00, 0x00, 0x80, 0x58, 0x00, 0x80, 0x00, 0x00, 0x00, 0x00
};
unsigned int __firmware_build_guest0_main_bin_len = 30744;
